"","User.ID","Time..UTC.","Publisher.Category","Gender","Age","Geography","Urban.Density","Income","Weight","Answer.1","Answer.2","Answer.3","Answer.4","Answer.5","Answer.6","Answer.7","Response.Time..1","Response.Time..2","Response.Time..3","Response.Time..4","Response.Time..5","Response.Time..6","Response.Time..7","Block","S1","S2","S3","S4","S5","S6","S7"
"1","1878478812115623278","2014-06-08 06:54:39","Mobile","Male","18-24","US-WEST-WA, Washington","Urban","$75,000-$99,999","0.8007696","20","Somewhat dissatisfied","Regularly (at least once a month)","Regularly (at least once per month)","About 1 time a week","Almost always or always","Some of the time (about a third)","6767ms","2578ms","7699ms","3423ms","6771ms","5873ms","1694ms","BONUS5","Q1Howlong","Q4Howsatisfied","Q11cultureact","Q12stewardact","Q13familyoutside","Q14trustpolicy","Q15trustexperts"
"2","7910860096685286483","2014-06-08 16:22:01","Mobile","Male","25-34","US-WEST-WA, Washington","Urban","$50,000-$74,999","0.8007696","6","Neither satisfied nor dissatisfied","Never","Never","Rarely or never (less than 1 time a month)","Almost never or never","About half of the time","18711ms","7658ms","4712ms","3298ms","19436ms","6482ms","4719ms","BONUS5","Q1Howlong","Q4Howsatisfied","Q11cultureact","Q12stewardact","Q13familyoutside","Q14trustpolicy","Q15trustexperts"
"3","8951888408298540940","2014-06-08 17:10:33","Mobile","Male","25-34","US-WEST-WA, Washington","Suburban","$50,000-$74,999","0.8007696","28","Somewhat satisfied","Never","Never","Several times a week (about 3 times a week)","About half of the time","About half of the time","9273ms","10092ms","35151ms","22449ms","12400ms","10469ms","10143ms","BONUS5","Q1Howlong","Q4Howsatisfied","Q11cultureact","Q12stewardact","Q13familyoutside","Q14trustpolicy","Q15trustexperts"
"4","8827090819376511001","2014-06-08 17:13:32","Mobile","Male","18-24","US-WEST-WA, Washington","Urban","$75,000-$99,999","0.8007696","12","Somewhat satisfied","Occasionally (at least three or four times)","Occasionally (at least three or four times)","Almost every day (at least 5 times a week)","Most of the time (about two-thirds)","Most of the time (about two-thirds)","9664ms","7537ms","12491ms","275ms","5695ms","8146ms","1536ms","BONUS5","Q1Howlong","Q4Howsatisfied","Q11cultureact","Q12stewardact","Q13familyoutside","Q14trustpolicy","Q15trustexperts"
"5","4951678060028206444","2014-06-08 17:20:27","Mobile","Male","18-24","US-WEST-WA, Washington","Urban","$75,000-$99,999","0.8007696","12","Somewhat satisfied","Occasionally (at least three or four times)","Occasionally (at least three or four times)","Almost every day (at least 5 times a week)","Most of the time (about two-thirds)","Most of the time (about two-thirds)","5477ms","1428ms","1717ms","4924ms","3868ms","1692ms","2340ms","BONUS5","Q1Howlong","Q4Howsatisfied","Q11cultureact","Q12stewardact","Q13familyoutside","Q14trustpolicy","Q15trustexperts"
"6","7182605919070717466","2014-06-08 18:12:59","Mobile","Male","18-24","US-WEST-WA, Washington","Urban","$50,000-$74,999","0.8007696","21","Neither satisfied nor dissatisfied","Regularly (at least once a month)","Never","About 1-3 times a month","Some of the time (about a third)","Almost always or always","7667ms","15226ms","9005ms","5455ms","8135ms","13368ms","4534ms","BONUS5","Q1Howlong","Q4Howsatisfied","Q11cultureact","Q12stewardact","Q13familyoutside","Q14trustpolicy","Q15trustexperts"
"7","436097166653027661","2014-06-08 23:06:35","Mobile","Male","25-34","US-WEST-WA, Washington","Urban","$50,000-$74,999","0.8007696","6","Extremely satisfied","Occasionally (at least three or four times)","Occasionally (at least three or four times)","About 1 time a week","About half of the time","About half of the time","26587ms","5061ms","9324ms","11508ms","11830ms","13297ms","3303ms","BONUS5","Q1Howlong","Q4Howsatisfied","Q11cultureact","Q12stewardact","Q13familyoutside","Q14trustpolicy","Q15trustexperts"
"8","8478709258903391302","2014-06-09 01:34:34","Mobile","Male","18-24","US-WEST-WA, Washington","Suburban","$100,000-$149,999","0.8007696","18","Somewhat satisfied","Rarely (at least once or twice)","Regularly (at least once per month)","About 1 time a week","Almost never or never","Most of the time (about two-thirds)","2856ms","2626ms","3356ms","3341ms","2856ms","2028ms","1247ms","BONUS5","Q1Howlong","Q4Howsatisfied","Q11cultureact","Q12stewardact","Q13familyoutside","Q14trustpolicy","Q15trustexperts"
"9","5993869485108635959","2014-06-09 03:17:52","Mobile","Male","35-44","US-WEST-WA, Washington","Suburban","$100,000-$149,999","0.8007696","10","Extremely satisfied","Regularly (at least once a month)","Regularly (at least once per month)","Several times a week (about 3 times a week)","Some of the time (about a third)","Most of the time (about two-thirds)","9184ms","7099ms","12809ms","8795ms","7291ms","11134ms","14346ms","BONUS5","Q1Howlong","Q4Howsatisfied","Q11cultureact","Q12stewardact","Q13familyoutside","Q14trustpolicy","Q15trustexperts"
"10","6593286649254968895","2014-06-09 07:14:20","Mobile","Male","25-34","US-WEST-WA, Washington","Suburban","$50,000-$74,999","0.8007696","33","Somewhat satisfied","Never","Never","Rarely or never (less than 1 time a month)","Some of the time (about a third)","Some of the time (about a third)","12111ms","5223ms","19060ms","4561ms","27340ms","6287ms","7263ms","BONUS5","Q1Howlong","Q4Howsatisfied","Q11cultureact","Q12stewardact","Q13familyoutside","Q14trustpolicy","Q15trustexperts"
"11","8173353983100667921","2014-06-09 07:16:06","Mobile","Male","25-34","US-WEST-WA, Washington","Suburban","$25,000-$49,999","0.8007696","26","Somewhat satisfied","Occasionally (at least three or four times)","Never","About 1 time a week","Most of the time (about two-thirds)","Most of the time (about two-thirds)","11124ms","4316ms","12379ms","6440ms","5899ms","5130ms","6424ms","BONUS5","Q1Howlong","Q4Howsatisfied","Q11cultureact","Q12stewardact","Q13familyoutside","Q14trustpolicy","Q15trustexperts"
"12","5073779035334482833","2014-06-09 07:34:51","Mobile","Female","25-34","US-WEST-WA, Washington","Urban","$0-$24,999","1.2988457","11","Somewhat satisfied","Rarely (at least once or twice)","Rarely (at least once or twice)","Several times a week (about 3 times a week)","Most of the time (about two-thirds)","About half of the time","9803ms","11487ms","10173ms","10491ms","12151ms","15641ms","9766ms","BONUS5","Q1Howlong","Q4Howsatisfied","Q11cultureact","Q12stewardact","Q13familyoutside","Q14trustpolicy","Q15trustexperts"
"13","7314723100243251605","2014-06-09 09:50:58","Mobile","Male","25-34","US-WEST-WA, Washington","Suburban","$50,000-$74,999","0.8007696","4","Somewhat dissatisfied","Occasionally (at least three or four times)","Rarely (at least once or twice)","Rarely or never (less than 1 time a month)","About half of the time","About half of the time","14936ms","9241ms","14832ms","55421ms","19765ms","6879ms","4654ms","BONUS5","Q1Howlong","Q4Howsatisfied","Q11cultureact","Q12stewardact","Q13familyoutside","Q14trustpolicy","Q15trustexperts"
"14","4403505912331382246","2014-06-09 10:25:34","Mobile","Male","25-34","US-WEST-WA, Washington","Rural","$100,000-$149,999","0.8007696","25","Somewhat satisfied","Never","Never","About 1 time a week","About half of the time","About half of the time","23437ms","10748ms","22241ms","9012ms","27021ms","14558ms","1317ms","BONUS5","Q1Howlong","Q4Howsatisfied","Q11cultureact","Q12stewardact","Q13familyoutside","Q14trustpolicy","Q15trustexperts"
"15","2419508272946197336","2014-06-09 10:45:37","Mobile","Unknown","25-34","US-WEST-WA, Washington","Urban","$75,000-$99,999",NA,"15","Somewhat satisfied","Occasionally (at least three or four times)","Occasionally (at least three or four times)","About 1-3 times a month","Some of the time (about a third)","Some of the time (about a third)","20080ms","8572ms","11437ms","8821ms","14435ms","8812ms","7411ms","BONUS5","Q1Howlong","Q4Howsatisfied","Q11cultureact","Q12stewardact","Q13familyoutside","Q14trustpolicy","Q15trustexperts"
"16","3360346784007862066","2014-06-09 14:18:10","Mobile","Male","18-24","US-WEST-WA, Washington","Suburban","$75,000-$99,999","0.8007696","22","Extremely satisfied","Rarely (at least once or twice)","Rarely (at least once or twice)","About 1-3 times a month","Some of the time (about a third)","Some of the time (about a third)","10957ms","7324ms","5779ms","907ms","10553ms","11725ms","5944ms","BONUS5","Q1Howlong","Q4Howsatisfied","Q11cultureact","Q12stewardact","Q13familyoutside","Q14trustpolicy","Q15trustexperts"
"17","6644695965480538383","2014-06-09 14:23:03","News","Unknown","Unknown","US-WEST-WA, Washington","Suburban","$50,000-$74,999",NA,"17","Extremely satisfied","Rarely (at least once or twice)","Rarely (at least once or twice)","About 1-3 times a month","About half of the time","Most of the time (about two-thirds)","19333ms","7376ms","7231ms","8470ms","8424ms","11292ms","12963ms","BONUS5","Q1Howlong","Q4Howsatisfied","Q11cultureact","Q12stewardact","Q13familyoutside","Q14trustpolicy","Q15trustexperts"
"18","573307982168656651","2014-06-09 14:30:43","News","Unknown","Unknown","US-WEST-WA, Washington","Rural","$25,000-$49,999",NA,"14","Extremely satisfied","Never","Never","Several times a week (about 3 times a week)","Almost never or never","Almost never or never","28194ms","11793ms","6676ms","7807ms","18886ms","29757ms","12329ms","BONUS5","Q1Howlong","Q4Howsatisfied","Q11cultureact","Q12stewardact","Q13familyoutside","Q14trustpolicy","Q15trustexperts"
"19","5850223468043202067","2014-06-09 23:34:57","Mobile","Male","35-44","US-WEST-WA, Washington","Suburban","$25,000-$49,999","0.8007696","4","Somewhat dissatisfied","Rarely (at least once or twice)","Rarely (at least once or twice)","Several times a week (about 3 times a week)","Some of the time (about a third)","Some of the time (about a third)","12841ms","6923ms","11025ms","10331ms","7790ms","11349ms","4880ms","BONUS5","Q1Howlong","Q4Howsatisfied","Q11cultureact","Q12stewardact","Q13familyoutside","Q14trustpolicy","Q15trustexperts"
"20","6048912909857979945","2014-06-10 00:37:44","Mobile","Male","25-34","US-WEST-WA, Washington","Urban","$0-$24,999","0.8007696","3","Extremely satisfied","Regularly (at least once a month)","Regularly (at least once per month)","Several times a week (about 3 times a week)","About half of the time","Almost always or always","43620ms","8377ms","19051ms","2014ms","4947ms","7094ms","25923ms","BONUS5","Q1Howlong","Q4Howsatisfied","Q11cultureact","Q12stewardact","Q13familyoutside","Q14trustpolicy","Q15trustexperts"
"21","681929431579511849","2014-06-10 01:52:23","Mobile","Female","25-34","US-WEST-WA, Washington","Rural","$50,000-$74,999","1.2988457","11","Extremely satisfied","Rarely (at least once or twice)","Never","Several times a week (about 3 times a week)","Most of the time (about two-thirds)","Most of the time (about two-thirds)","35268ms","7941ms","9710ms","6398ms","9950ms","6585ms","4535ms","BONUS5","Q1Howlong","Q4Howsatisfied","Q11cultureact","Q12stewardact","Q13familyoutside","Q14trustpolicy","Q15trustexperts"
"22","3138665456698807658","2014-06-10 02:05:23","Arts & Entertainment","Male","25-34","US-WEST-WA, Washington","Urban","$25,000-$49,999","0.8007696","24","Somewhat satisfied","Occasionally (at least three or four times)","Occasionally (at least three or four times)","Several times a week (about 3 times a week)","Most of the time (about two-thirds)","Most of the time (about two-thirds)","25813ms","5225ms","6073ms","4193ms","4070ms","5628ms","1829ms","BONUS5","Q1Howlong","Q4Howsatisfied","Q11cultureact","Q12stewardact","Q13familyoutside","Q14trustpolicy","Q15trustexperts"
"23","9135453040307589998","2014-06-10 02:10:04","Mobile","Male","35-44","US-WEST-WA, Washington","Rural","$100,000-$149,999","0.8007696","25","Extremely satisfied","Rarely (at least once or twice)","Never","About 1 time a week","Almost never or never","About half of the time","26507ms","3679ms","16732ms","54794ms","9316ms","35704ms","184072ms","BONUS5","Q1Howlong","Q4Howsatisfied","Q11cultureact","Q12stewardact","Q13familyoutside","Q14trustpolicy","Q15trustexperts"
"24","2809681494927049585","2014-06-10 02:08:27","Mobile","Male","18-24","US-WEST-WA, Washington","Suburban","$25,000-$49,999","0.8007696","21","Extremely satisfied","Never","Never","About 1-3 times a month","Almost never or never","Most of the time (about two-thirds)","9288ms","5852ms","8291ms","10761ms","7482ms","13333ms","7473ms","BONUS5","Q1Howlong","Q4Howsatisfied","Q11cultureact","Q12stewardact","Q13familyoutside","Q14trustpolicy","Q15trustexperts"
"25","6807228994484996203","2014-06-10 03:45:55","Mobile","Female","35-44","US-WEST-WA, Washington","Urban","$100,000-$149,999","1.2988457","2","Somewhat satisfied","Occasionally (at least three or four times)","Never","Several times a week (about 3 times a week)","About half of the time","About half of the time","7567ms","4701ms","8859ms","6224ms","7101ms","9586ms","9180ms","BONUS5","Q1Howlong","Q4Howsatisfied","Q11cultureact","Q12stewardact","Q13familyoutside","Q14trustpolicy","Q15trustexperts"
"26","7027764463262849727","2014-06-10 03:56:27","Mobile","Male","25-34","US-WEST-WA, Washington","Urban","$75,000-$99,999","0.8007696","1","Extremely satisfied","Never","Never","About 1 time a week","Most of the time (about two-thirds)","Most of the time (about two-thirds)","4488ms","3998ms","7232ms","12889ms","4466ms","20061ms","6083ms","BONUS5","Q1Howlong","Q4Howsatisfied","Q11cultureact","Q12stewardact","Q13familyoutside","Q14trustpolicy","Q15trustexperts"
"27","5171345985137511124","2014-06-10 04:08:29","Mobile","Male","25-34","US-WEST-WA, Washington","Urban","$100,000-$149,999","0.8007696","7","Somewhat satisfied","Regularly (at least once a month)","Regularly (at least once per month)","Several times a week (about 3 times a week)","About half of the time","About half of the time","8190ms","7695ms","5781ms","8113ms","5887ms","6325ms","4644ms","BONUS5","Q1Howlong","Q4Howsatisfied","Q11cultureact","Q12stewardact","Q13familyoutside","Q14trustpolicy","Q15trustexperts"
"28","1145764865242253438","2014-06-10 04:26:30","Mobile","Male","25-34","US-WEST-WA, Washington","Suburban","$0-$24,999","0.8007696","25","Somewhat satisfied","Rarely (at least once or twice)","Never","Several times a week (about 3 times a week)","Some of the time (about a third)","Almost never or never","6184ms","8903ms","7335ms","6167ms","4523ms","4387ms","7925ms","BONUS5","Q1Howlong","Q4Howsatisfied","Q11cultureact","Q12stewardact","Q13familyoutside","Q14trustpolicy","Q15trustexperts"
"29","7450460917572623235","2014-06-10 04:30:48","Mobile","Female","25-34","US-WEST-WA, Washington","Suburban","$0-$24,999","1.2988457","17","Somewhat dissatisfied","Never","Never","About 1 time a week","Some of the time (about a third)","Almost never or never","30014ms","9545ms","5283ms","3921ms","6265ms","9491ms","8566ms","BONUS5","Q1Howlong","Q4Howsatisfied","Q11cultureact","Q12stewardact","Q13familyoutside","Q14trustpolicy","Q15trustexperts"
"30","993718663383547734","2014-06-10 04:45:37","Mobile","Male","18-24","US-WEST-WA, Washington","Rural","$50,000-$74,999","0.8007696","9","Neither satisfied nor dissatisfied","Rarely (at least once or twice)","Rarely (at least once or twice)","Almost every day (at least 5 times a week)","Almost never or never","Most of the time (about two-thirds)","10192ms","19946ms","13728ms","391ms","47863ms","6909ms","6923ms","BONUS5","Q1Howlong","Q4Howsatisfied","Q11cultureact","Q12stewardact","Q13familyoutside","Q14trustpolicy","Q15trustexperts"
"31","2134027613398740915","2014-06-10 05:07:08","Mobile","Male","25-34","US-WEST-WA, Washington","Suburban","$50,000-$74,999","0.8007696","28","Somewhat satisfied","Rarely (at least once or twice)","Never","About 1-3 times a month","Most of the time (about two-thirds)","Almost always or always","11865ms","7692ms","13055ms","18828ms","9725ms","13113ms","5910ms","BONUS5","Q1Howlong","Q4Howsatisfied","Q11cultureact","Q12stewardact","Q13familyoutside","Q14trustpolicy","Q15trustexperts"
"32","4820651298758393752","2014-06-10 05:16:15","Mobile","Male","25-34","US-WEST-WA, Washington","Urban","$150,000+","0.8007696","10","Extremely satisfied","Rarely (at least once or twice)","Never","About 1 time a week","Almost never or never","About half of the time","7939ms","4748ms","19410ms","8371ms","11448ms","9990ms","8026ms","BONUS5","Q1Howlong","Q4Howsatisfied","Q11cultureact","Q12stewardact","Q13familyoutside","Q14trustpolicy","Q15trustexperts"
"33","7470759735971706846","2014-06-10 05:47:25","Mobile","Male","18-24","US-WEST-WA, Washington","Suburban","$25,000-$49,999","0.8007696","2","Extremely satisfied","Never","Never","About 1-3 times a month","Some of the time (about a third)","Almost always or always","26951ms","8966ms","8925ms","7477ms","8892ms","10915ms","6017ms","BONUS5","Q1Howlong","Q4Howsatisfied","Q11cultureact","Q12stewardact","Q13familyoutside","Q14trustpolicy","Q15trustexperts"
"34","4304352536276105229","2014-06-10 09:02:01","Mobile","Female","35-44","US-WEST-WA, Washington","Rural","$25,000-$49,999","1.2988457","1","Extremely satisfied","Never","Never","Several times a week (about 3 times a week)","About half of the time","About half of the time","14164ms","10417ms","7655ms","5852ms","7818ms","15464ms","6826ms","BONUS5","Q1Howlong","Q4Howsatisfied","Q11cultureact","Q12stewardact","Q13familyoutside","Q14trustpolicy","Q15trustexperts"
"35","7713683858127691617","2014-06-10 15:27:00","Mobile","Male","25-34","US-WEST-WA, Washington","Urban","$50,000-$74,999","0.8007696","32","Somewhat dissatisfied","Rarely (at least once or twice)","Never","About 1 time a week","Most of the time (about two-thirds)","Almost always or always","13803ms","8868ms","8395ms","6347ms","9776ms","5754ms","3513ms","BONUS5","Q1Howlong","Q4Howsatisfied","Q11cultureact","Q12stewardact","Q13familyoutside","Q14trustpolicy","Q15trustexperts"
"36","498287116337300244","2014-06-10 16:30:57","Mobile","Male","25-34","US-WEST-WA, Washington","Urban","$25,000-$49,999","0.8007696","2","Somewhat dissatisfied","Rarely (at least once or twice)","Never","About 1 time a week","Some of the time (about a third)","About half of the time","6756ms","4618ms","5637ms","4584ms","7075ms","5781ms","14046ms","BONUS5","Q1Howlong","Q4Howsatisfied","Q11cultureact","Q12stewardact","Q13familyoutside","Q14trustpolicy","Q15trustexperts"
"37","3012704839003783241","2014-06-10 16:38:03","Mobile","Male","18-24","US-WEST-WA, Washington","Urban","$25,000-$49,999","0.8007696","3","Extremely dissatisfied","Occasionally (at least three or four times)","Occasionally (at least three or four times)","Several times a week (about 3 times a week)","Most of the time (about two-thirds)","Most of the time (about two-thirds)","11029ms","3261ms","12598ms","5342ms","18790ms","9090ms","1655ms","BONUS5","Q1Howlong","Q4Howsatisfied","Q11cultureact","Q12stewardact","Q13familyoutside","Q14trustpolicy","Q15trustexperts"
"38","3609394892428013715","2014-06-10 17:52:26","Mobile","Female","25-34","US-WEST-WA, Washington","Urban","$50,000-$74,999","1.2988457","8","Somewhat satisfied","Regularly (at least once a month)","Rarely (at least once or twice)","About 1 time a week","Most of the time (about two-thirds)","Most of the time (about two-thirds)","13529ms","5286ms","8086ms","5374ms","8327ms","7973ms","4147ms","BONUS5","Q1Howlong","Q4Howsatisfied","Q11cultureact","Q12stewardact","Q13familyoutside","Q14trustpolicy","Q15trustexperts"
"39","5517904757834824293","2014-06-10 18:14:18","Mobile","Male","18-24","US-WEST-WA, Washington","Suburban","$100,000-$149,999","0.8007696","14","Extremely satisfied","Occasionally (at least three or four times)","Occasionally (at least three or four times)","About 1 time a week","Some of the time (about a third)","Some of the time (about a third)","7732ms","2754ms","4359ms","2936ms","13051ms","33632ms","1144ms","BONUS5","Q1Howlong","Q4Howsatisfied","Q11cultureact","Q12stewardact","Q13familyoutside","Q14trustpolicy","Q15trustexperts"
"40","2247186274932534542","2014-06-10 18:16:19","Mobile","Male","18-24","US-WEST-WA, Washington","Suburban","$0-$24,999","0.8007696","23","Somewhat satisfied","Occasionally (at least three or four times)","Rarely (at least once or twice)","Several times a week (about 3 times a week)","Some of the time (about a third)","Some of the time (about a third)","12942ms","5332ms","8872ms","5291ms","5683ms","6402ms","7545ms","BONUS5","Q1Howlong","Q4Howsatisfied","Q11cultureact","Q12stewardact","Q13familyoutside","Q14trustpolicy","Q15trustexperts"
"41","2200443937181240603","2014-06-10 18:16:42","Mobile","Male","25-34","US-WEST-WA, Washington","Suburban","$25,000-$49,999","0.8007696","15","Somewhat satisfied","Never","Never","About 1-3 times a month","Almost never or never","Almost always or always","18755ms","13092ms","10294ms","6674ms","17468ms","9983ms","12705ms","BONUS5","Q1Howlong","Q4Howsatisfied","Q11cultureact","Q12stewardact","Q13familyoutside","Q14trustpolicy","Q15trustexperts"
"42","4323364727277372048","2014-06-10 18:33:16","Mobile","Female","25-34","US-WEST-WA, Washington","Urban","$150,000+","1.2988457","27","Extremely satisfied","Rarely (at least once or twice)","Rarely (at least once or twice)","About 1 time a week","Some of the time (about a third)","Most of the time (about two-thirds)","12991ms","6780ms","17630ms","5362ms","15566ms","15756ms","5956ms","BONUS5","Q1Howlong","Q4Howsatisfied","Q11cultureact","Q12stewardact","Q13familyoutside","Q14trustpolicy","Q15trustexperts"
"43","5189717436456242564","2014-06-10 19:31:39","Mobile","Male","25-34","US-WEST-WA, Washington","Suburban","$100,000-$149,999","0.8007696","31","Extremely satisfied","Never","Never","Almost every day (at least 5 times a week)","Most of the time (about two-thirds)","Most of the time (about two-thirds)","4090ms","3913ms","2821ms","1827ms","2793ms","4118ms","798ms","BONUS5","Q1Howlong","Q4Howsatisfied","Q11cultureact","Q12stewardact","Q13familyoutside","Q14trustpolicy","Q15trustexperts"
"44","2746030911947305888","2014-06-10 23:05:26","Mobile","Female","25-34","US-WEST-WA, Washington","Unknown","$75,000-$99,999","1.2988457","2","Somewhat satisfied","Occasionally (at least three or four times)","Rarely (at least once or twice)","Several times a week (about 3 times a week)","Some of the time (about a third)","Most of the time (about two-thirds)","7867ms","4116ms","4723ms","3521ms","3097ms","3965ms","3245ms","BONUS5","Q1Howlong","Q4Howsatisfied","Q11cultureact","Q12stewardact","Q13familyoutside","Q14trustpolicy","Q15trustexperts"
"45","3844601290426623078","2014-06-10 23:30:01","Mobile","Male","35-44","US-WEST-WA, Washington","Urban","$50,000-$74,999","0.8007696","19","Neither satisfied nor dissatisfied","Occasionally (at least three or four times)","Rarely (at least once or twice)","About 1 time a week","About half of the time","About half of the time","35829ms","10048ms","16174ms","10704ms","10980ms","10499ms","22418ms","BONUS5","Q1Howlong","Q4Howsatisfied","Q11cultureact","Q12stewardact","Q13familyoutside","Q14trustpolicy","Q15trustexperts"
"46","2209229901947187099","2014-06-10 23:30:13","Mobile","Male","18-24","US-WEST-WA, Washington","Unknown","$25,000-$49,999","0.8007696","23","Somewhat satisfied","Rarely (at least once or twice)","Regularly (at least once per month)","Almost every day (at least 5 times a week)","Almost always or always","About half of the time","9548ms","6001ms","10740ms","6393ms","6409ms","5884ms","6247ms","BONUS5","Q1Howlong","Q4Howsatisfied","Q11cultureact","Q12stewardact","Q13familyoutside","Q14trustpolicy","Q15trustexperts"
"47","8830196422796219722","2014-06-10 23:31:51","Mobile","Male","18-24","US-WEST-WA, Washington","Suburban","$0-$24,999","0.8007696","19","Extremely dissatisfied","Regularly (at least once a month)","Rarely (at least once or twice)","Almost every day (at least 5 times a week)","Some of the time (about a third)","Most of the time (about two-thirds)","6301ms","5892ms","6354ms","7823ms","8094ms","8384ms","3929ms","BONUS5","Q1Howlong","Q4Howsatisfied","Q11cultureact","Q12stewardact","Q13familyoutside","Q14trustpolicy","Q15trustexperts"
"48","1945423730267004814","2014-06-11 00:26:30","Mobile","Male","18-24","US-WEST-WA, Washington","Suburban","$25,000-$49,999","0.8007696","2","Somewhat satisfied","Occasionally (at least three or four times)","Rarely (at least once or twice)","Several times a week (about 3 times a week)","Most of the time (about two-thirds)","Almost always or always","7915ms","9281ms","7688ms","14479ms","42251ms","19902ms","7067ms","BONUS5","Q1Howlong","Q4Howsatisfied","Q11cultureact","Q12stewardact","Q13familyoutside","Q14trustpolicy","Q15trustexperts"
"49","4265064250457492621","2014-06-11 00:29:17","Mobile","Male","18-24","US-WEST-WA, Washington","Rural","$25,000-$49,999","0.8007696","25","Somewhat satisfied","Occasionally (at least three or four times)","Occasionally (at least three or four times)","About 1-3 times a month","Some of the time (about a third)","Almost never or never","10690ms","8671ms","4686ms","6706ms","5756ms","4012ms","3242ms","BONUS5","Q1Howlong","Q4Howsatisfied","Q11cultureact","Q12stewardact","Q13familyoutside","Q14trustpolicy","Q15trustexperts"
"50","1698611739911929600","2014-06-11 01:17:51","Mobile","Male","18-24","US-WEST-WA, Washington","Urban","$25,000-$49,999","0.8007696","22","Somewhat satisfied","Rarely (at least once or twice)","Never","About 1 time a week","About half of the time","Most of the time (about two-thirds)","7026ms","8666ms","13923ms","4261ms","10325ms","10960ms","5929ms","BONUS5","Q1Howlong","Q4Howsatisfied","Q11cultureact","Q12stewardact","Q13familyoutside","Q14trustpolicy","Q15trustexperts"
"51","4169498290807560139","2014-06-11 01:22:37","Mobile","Male","18-24","US-WEST-WA, Washington","Urban","$0-$24,999","0.8007696","5","Extremely satisfied","Constantly (at least once a week)","Occasionally (at least three or four times)","Several times a week (about 3 times a week)","Most of the time (about two-thirds)","Most of the time (about two-thirds)","13753ms","3537ms","4416ms","6720ms","6476ms","11493ms","3226ms","BONUS5","Q1Howlong","Q4Howsatisfied","Q11cultureact","Q12stewardact","Q13familyoutside","Q14trustpolicy","Q15trustexperts"
"52","360592033795207587","2014-06-11 01:52:26","Mobile","Male","35-44","US-WEST-WA, Washington","Urban","$25,000-$49,999","0.8007696","25","Neither satisfied nor dissatisfied","Rarely (at least once or twice)","Rarely (at least once or twice)","About 1 time a week","Some of the time (about a third)","Some of the time (about a third)","26807ms","8379ms","21183ms","9329ms","9232ms","13811ms","3039ms","BONUS5","Q1Howlong","Q4Howsatisfied","Q11cultureact","Q12stewardact","Q13familyoutside","Q14trustpolicy","Q15trustexperts"
"53","7249983892182184590","2014-06-11 02:37:41","Mobile","Female","18-24","US-WEST-WA, Washington","Suburban","$150,000+","1.2988457","11","Extremely satisfied","Occasionally (at least three or four times)","Occasionally (at least three or four times)","Several times a week (about 3 times a week)","About half of the time","About half of the time","13088ms","9178ms","7623ms","13291ms","6184ms","8354ms","3546ms","BONUS5","Q1Howlong","Q4Howsatisfied","Q11cultureact","Q12stewardact","Q13familyoutside","Q14trustpolicy","Q15trustexperts"
"54","7882125513250633677","2014-06-11 05:37:12","Mobile","Male","18-24","US-WEST-WA, Washington","Suburban","$75,000-$99,999","0.8007696","18","Somewhat dissatisfied","Never","Rarely (at least once or twice)","About 1-3 times a month","About half of the time","About half of the time","23875ms","27178ms","13643ms","14499ms","13755ms","23622ms","5652ms","BONUS5","Q1Howlong","Q4Howsatisfied","Q11cultureact","Q12stewardact","Q13familyoutside","Q14trustpolicy","Q15trustexperts"
"55","8299459710555694949","2014-06-11 09:31:31","Mobile","Male","18-24","US-WEST-WA, Washington","Suburban","$50,000-$74,999","0.8007696","21","Extremely satisfied","Rarely (at least once or twice)","Never","About 1-3 times a month","Some of the time (about a third)","Some of the time (about a third)","13261ms","12229ms","10666ms","7354ms","8477ms","8101ms","7005ms","BONUS5","Q1Howlong","Q4Howsatisfied","Q11cultureact","Q12stewardact","Q13familyoutside","Q14trustpolicy","Q15trustexperts"
"56","420943233865465222","2014-06-11 11:02:14","Mobile","Male","25-34","US-WEST-WA, Washington","Urban","$25,000-$49,999","0.8007696","20","Extremely satisfied","Never","Occasionally (at least three or four times)","About 1 time a week","About half of the time","About half of the time","6819ms","5846ms","6100ms","10163ms","5730ms","6229ms","8896ms","BONUS5","Q1Howlong","Q4Howsatisfied","Q11cultureact","Q12stewardact","Q13familyoutside","Q14trustpolicy","Q15trustexperts"
"57","1488084328860334420","2014-06-11 15:16:32","Mobile","Male","18-24","US-WEST-WA, Washington","Urban","$75,000-$99,999","0.8007696","19","Neither satisfied nor dissatisfied","Occasionally (at least three or four times)","Rarely (at least once or twice)","Several times a week (about 3 times a week)","About half of the time","Some of the time (about a third)","19734ms","3690ms","24164ms","6432ms","3697ms","5488ms","17946ms","BONUS5","Q1Howlong","Q4Howsatisfied","Q11cultureact","Q12stewardact","Q13familyoutside","Q14trustpolicy","Q15trustexperts"
"58","123499511082929173","2014-06-11 15:56:06","Mobile","Male","25-34","US-WEST-WA, Washington","Suburban","$25,000-$49,999","0.8007696","2","Somewhat satisfied","Rarely (at least once or twice)","Occasionally (at least three or four times)","Several times a week (about 3 times a week)","About half of the time","Most of the time (about two-thirds)","9466ms","5491ms","9586ms","5113ms","4419ms","3900ms","6828ms","BONUS5","Q1Howlong","Q4Howsatisfied","Q11cultureact","Q12stewardact","Q13familyoutside","Q14trustpolicy","Q15trustexperts"
"59","3176339315053548266","2014-06-11 16:01:50","Mobile","Male","25-34","US-WEST-WA, Washington","Suburban","$25,000-$49,999","0.8007696","15","Somewhat satisfied","Rarely (at least once or twice)","Never","About 1-3 times a month","Almost never or never","Most of the time (about two-thirds)","8332ms","6205ms","9940ms","7707ms","9757ms","8018ms","5983ms","BONUS5","Q1Howlong","Q4Howsatisfied","Q11cultureact","Q12stewardact","Q13familyoutside","Q14trustpolicy","Q15trustexperts"
"60","1121441782357642270","2014-06-11 16:41:27","Mobile","Male","18-24","US-WEST-WA, Washington","Suburban","$100,000-$149,999","0.8007696","0","Extremely satisfied","Occasionally (at least three or four times)","Occasionally (at least three or four times)","Several times a week (about 3 times a week)","Most of the time (about two-thirds)","Most of the time (about two-thirds)","7976ms","4447ms","8364ms","2130ms","8674ms","6811ms","5590ms","BONUS5","Q1Howlong","Q4Howsatisfied","Q11cultureact","Q12stewardact","Q13familyoutside","Q14trustpolicy","Q15trustexperts"
"61","7465911264086470165","2014-06-11 17:09:50","Mobile","Male","18-24","US-WEST-WA, Washington","Urban","$50,000-$74,999","0.8007696","22","Somewhat dissatisfied","Rarely (at least once or twice)","Regularly (at least once per month)","About 1-3 times a month","About half of the time","Most of the time (about two-thirds)","8704ms","7008ms","6772ms","5555ms","9067ms","8337ms","4795ms","BONUS5","Q1Howlong","Q4Howsatisfied","Q11cultureact","Q12stewardact","Q13familyoutside","Q14trustpolicy","Q15trustexperts"
"62","1602510318089711715","2014-06-11 17:29:20","Mobile","Male","25-34","US-WEST-WA, Washington","Suburban","$25,000-$49,999","0.8007696","33","Neither satisfied nor dissatisfied","Never","Never","Several times a week (about 3 times a week)","Almost never or never","Almost never or never","8369ms","3831ms","5809ms","1193ms","6913ms","6938ms","7856ms","BONUS5","Q1Howlong","Q4Howsatisfied","Q11cultureact","Q12stewardact","Q13familyoutside","Q14trustpolicy","Q15trustexperts"
"63","2766467549820569910","2014-06-11 17:57:28","Mobile","Male","25-34","US-WEST-WA, Washington","Urban","$25,000-$49,999","0.8007696","4","Neither satisfied nor dissatisfied","Never","Never","Several times a week (about 3 times a week)","About half of the time","Most of the time (about two-thirds)","6760ms","10660ms","7063ms","3414ms","7111ms","11894ms","3381ms","BONUS5","Q1Howlong","Q4Howsatisfied","Q11cultureact","Q12stewardact","Q13familyoutside","Q14trustpolicy","Q15trustexperts"
"64","7630332278932566355","2014-06-11 18:37:45","Mobile","Male","18-24","US-WEST-WA, Washington","Urban","$25,000-$49,999","0.8007696","18","Somewhat satisfied","Occasionally (at least three or four times)","Occasionally (at least three or four times)","About 1 time a week","About half of the time","Most of the time (about two-thirds)","10758ms","8633ms","13924ms","7627ms","8420ms","9816ms","4455ms","BONUS5","Q1Howlong","Q4Howsatisfied","Q11cultureact","Q12stewardact","Q13familyoutside","Q14trustpolicy","Q15trustexperts"
"65","7126930440846766054","2014-06-11 18:49:25","Mobile","Female","25-34","US-WEST-WA, Washington","Urban","$0-$24,999","1.2988457","26","Somewhat satisfied","Rarely (at least once or twice)","Occasionally (at least three or four times)","Several times a week (about 3 times a week)","Some of the time (about a third)","Most of the time (about two-thirds)","6661ms","2130ms","1132ms","8136ms","3410ms","4868ms","4594ms","BONUS5","Q1Howlong","Q4Howsatisfied","Q11cultureact","Q12stewardact","Q13familyoutside","Q14trustpolicy","Q15trustexperts"
"66","5301874057100369942","2014-06-11 19:25:42","News","Unknown","Unknown","US-WEST-WA, Washington","Urban","$25,000-$49,999",NA,"100","Extremely satisfied","Constantly (at least once a week)","Constantly (at least once per week)","Almost every day (at least 5 times a week)","Almost never or never","About half of the time","27235ms","4623ms","9139ms","4505ms","3517ms","4613ms","4043ms","BONUS5","Q1Howlong","Q4Howsatisfied","Q11cultureact","Q12stewardact","Q13familyoutside","Q14trustpolicy","Q15trustexperts"
"67","5434706408202668547","2014-06-11 19:27:21","Mobile","Male","18-24","US-WEST-WA, Washington","Urban","$25,000-$49,999","0.8007696","3","Extremely satisfied","Occasionally (at least three or four times)","Occasionally (at least three or four times)","Several times a week (about 3 times a week)","Almost never or never","Almost always or always","5421ms","5968ms","8645ms","10684ms","41325ms","3670ms","2969ms","BONUS5","Q1Howlong","Q4Howsatisfied","Q11cultureact","Q12stewardact","Q13familyoutside","Q14trustpolicy","Q15trustexperts"
"68","7628414947150189722","2014-06-11 19:49:52","Mobile","Male","18-24","US-WEST-WA, Washington","Urban","$75,000-$99,999","0.8007696","1","Somewhat satisfied","Never","Never","About 1-3 times a month","Most of the time (about two-thirds)","Most of the time (about two-thirds)","5257ms","5866ms","3751ms","5924ms","13803ms","9705ms","3256ms","BONUS5","Q1Howlong","Q4Howsatisfied","Q11cultureact","Q12stewardact","Q13familyoutside","Q14trustpolicy","Q15trustexperts"
"69","2406449600933486076","2014-06-11 19:54:12","Mobile","Female","18-24","US-WEST-WA, Washington","Urban","$50,000-$74,999","1.2988457","22","Extremely satisfied","Never","Never","Several times a week (about 3 times a week)","Some of the time (about a third)","Some of the time (about a third)","6288ms","3171ms","3452ms","3223ms","4536ms","4374ms","5278ms","BONUS5","Q1Howlong","Q4Howsatisfied","Q11cultureact","Q12stewardact","Q13familyoutside","Q14trustpolicy","Q15trustexperts"
"70","1173210793409247354","2014-06-11 20:07:37","Reference","Female","25-34","US-WEST-WA, Washington","Urban","$50,000-$74,999","1.2988457","26","Extremely satisfied","Rarely (at least once or twice)","Regularly (at least once per month)","Almost every day (at least 5 times a week)","Some of the time (about a third)","About half of the time","23459ms","7012ms","81849ms","10928ms","8583ms","7568ms","6255ms","BONUS5","Q1Howlong","Q4Howsatisfied","Q11cultureact","Q12stewardact","Q13familyoutside","Q14trustpolicy","Q15trustexperts"
"71","7471641111526412101","2014-06-11 20:10:45","Mobile","Male","18-24","US-WEST-WA, Washington","Urban","$0-$24,999","0.8007696","15","Extremely satisfied","Occasionally (at least three or four times)","Rarely (at least once or twice)","About 1 time a week","About half of the time","Almost always or always","14501ms","5517ms","11019ms","5413ms","17261ms","9904ms","7900ms","BONUS5","Q1Howlong","Q4Howsatisfied","Q11cultureact","Q12stewardact","Q13familyoutside","Q14trustpolicy","Q15trustexperts"
"72","6894952298008871806","2014-06-11 21:55:43","News","Unknown","Unknown","US-WEST-WA, Washington","Urban","$50,000-$74,999",NA,"29","Extremely satisfied","Rarely (at least once or twice)","Never","Several times a week (about 3 times a week)","Some of the time (about a third)","Most of the time (about two-thirds)","55385ms","8301ms","15293ms","10163ms","9835ms","8070ms","21555ms","BONUS5","Q1Howlong","Q4Howsatisfied","Q11cultureact","Q12stewardact","Q13familyoutside","Q14trustpolicy","Q15trustexperts"
"73","1105423770874864692","2014-06-11 23:14:16","Mobile","Female","18-24","US-WEST-WA, Washington","Unknown","$0-$24,999","1.2988457","22","Extremely satisfied","Rarely (at least once or twice)","Rarely (at least once or twice)","Almost every day (at least 5 times a week)","About half of the time","Most of the time (about two-thirds)","6410ms","4017ms","4983ms","3786ms","3726ms","3327ms","2666ms","BONUS5","Q1Howlong","Q4Howsatisfied","Q11cultureact","Q12stewardact","Q13familyoutside","Q14trustpolicy","Q15trustexperts"
"74","7422213981266305635","2014-06-11 23:50:46","Mobile","Male","25-34","US-WEST-WA, Washington","Urban","$0-$24,999","0.8007696","26","Somewhat satisfied","Never","Never","About 1-3 times a month","Some of the time (about a third)","About half of the time","12686ms","11947ms","12907ms","5969ms","25322ms","16465ms","17798ms","BONUS5","Q1Howlong","Q4Howsatisfied","Q11cultureact","Q12stewardact","Q13familyoutside","Q14trustpolicy","Q15trustexperts"
"75","4884185627806116505","2014-06-12 00:19:12","Mobile","Male","25-34","US-WEST-WA, Washington","Urban","$50,000-$74,999","0.8007696","27","Somewhat satisfied","Regularly (at least once a month)","Regularly (at least once per month)","Almost every day (at least 5 times a week)","Most of the time (about two-thirds)","Almost always or always","6335ms","6464ms","12342ms","7754ms","6958ms","8239ms","4455ms","BONUS5","Q1Howlong","Q4Howsatisfied","Q11cultureact","Q12stewardact","Q13familyoutside","Q14trustpolicy","Q15trustexperts"
"76","7624900044717029839","2014-06-12 01:50:16","Mobile","Male","25-34","US-WEST-WA, Washington","Suburban","$100,000-$149,999","0.8007696","5","Neither satisfied nor dissatisfied","Rarely (at least once or twice)","Rarely (at least once or twice)","About 1-3 times a month","Some of the time (about a third)","Some of the time (about a third)","9738ms","7719ms","11660ms","5768ms","4191ms","5651ms","2673ms","BONUS5","Q1Howlong","Q4Howsatisfied","Q11cultureact","Q12stewardact","Q13familyoutside","Q14trustpolicy","Q15trustexperts"
"77","1983828420948827503","2014-06-12 01:50:46","Mobile","Female","18-24","US-WEST-WA, Washington","Suburban","$25,000-$49,999","1.2988457","28","Extremely dissatisfied","Never","Never","About 1 time a week","Almost never or never","Almost never or never","12476ms","8549ms","5662ms","4574ms","5857ms","6501ms","3295ms","BONUS5","Q1Howlong","Q4Howsatisfied","Q11cultureact","Q12stewardact","Q13familyoutside","Q14trustpolicy","Q15trustexperts"
"78","7734030093362937410","2014-06-12 02:18:39","Mobile","Female","18-24","US-WEST-WA, Washington","Suburban","$0-$24,999","1.2988457","18","Somewhat satisfied","Never","Never","Rarely or never (less than 1 time a month)","Some of the time (about a third)","Some of the time (about a third)","7612ms","5221ms","4617ms","5483ms","6352ms","6230ms","1782ms","BONUS5","Q1Howlong","Q4Howsatisfied","Q11cultureact","Q12stewardact","Q13familyoutside","Q14trustpolicy","Q15trustexperts"
"79","6426770797107416557","2014-06-12 02:19:04","Mobile","Female","18-24","US-WEST-WA, Washington","Rural","$150,000+","1.2988457","15","Somewhat satisfied","Regularly (at least once a month)","Regularly (at least once per month)","Several times a week (about 3 times a week)","About half of the time","About half of the time","7914ms","4717ms","3911ms","1854ms","2760ms","3711ms","3254ms","BONUS5","Q1Howlong","Q4Howsatisfied","Q11cultureact","Q12stewardact","Q13familyoutside","Q14trustpolicy","Q15trustexperts"
"80","5786367593045456086","2014-06-12 02:39:32","Mobile","Female","25-34","US-WEST-WA, Washington","Rural","$0-$24,999","1.2988457","25","Extremely satisfied","Regularly (at least once a month)","Occasionally (at least three or four times)","Several times a week (about 3 times a week)","Some of the time (about a third)","Some of the time (about a third)","10520ms","9943ms","5995ms","16714ms","29891ms","7222ms","11077ms","BONUS5","Q1Howlong","Q4Howsatisfied","Q11cultureact","Q12stewardact","Q13familyoutside","Q14trustpolicy","Q15trustexperts"
"81","5468895601501136907","2014-06-12 06:09:11","Mobile","Female","25-34","US-WEST-WA, Washington","Urban","$100,000-$149,999","1.2988457","34","Somewhat dissatisfied","Occasionally (at least three or four times)","Rarely (at least once or twice)","About 1-3 times a month","Some of the time (about a third)","Some of the time (about a third)","8316ms","10603ms","12933ms","15281ms","13325ms","14343ms","1958ms","BONUS5","Q1Howlong","Q4Howsatisfied","Q11cultureact","Q12stewardact","Q13familyoutside","Q14trustpolicy","Q15trustexperts"
"82","5357284937698559029","2014-06-12 06:50:48","Mobile","Female","25-34","US-WEST-WA, Washington","Suburban","$25,000-$49,999","1.2988457","21","Extremely satisfied","Occasionally (at least three or four times)","Constantly (at least once per week)","Several times a week (about 3 times a week)","Some of the time (about a third)","Some of the time (about a third)","6150ms","1803ms","12278ms","6944ms","5578ms","7946ms","3865ms","BONUS5","Q1Howlong","Q4Howsatisfied","Q11cultureact","Q12stewardact","Q13familyoutside","Q14trustpolicy","Q15trustexperts"
"83","234098149739829513","2014-06-12 09:56:08","Mobile","Female","25-34","US-WEST-WA, Washington","Urban","$25,000-$49,999","1.2988457","28","Extremely satisfied","Occasionally (at least three or four times)","Rarely (at least once or twice)","Almost every day (at least 5 times a week)","About half of the time","About half of the time","8076ms","3796ms","12307ms","6017ms","4442ms","9237ms","5922ms","BONUS5","Q1Howlong","Q4Howsatisfied","Q11cultureact","Q12stewardact","Q13familyoutside","Q14trustpolicy","Q15trustexperts"
"84","258487772619877358","2014-06-12 12:44:13","Mobile","Male","18-24","US-WEST-WA, Washington","Urban","$0-$24,999","0.8007696","24","Neither satisfied nor dissatisfied","Never","Never","Rarely or never (less than 1 time a month)","About half of the time","Most of the time (about two-thirds)","18224ms","7154ms","11927ms","12039ms","14841ms","9757ms","10498ms","BONUS5","Q1Howlong","Q4Howsatisfied","Q11cultureact","Q12stewardact","Q13familyoutside","Q14trustpolicy","Q15trustexperts"
"85","3214600009902960806","2014-06-12 12:46:25","Mobile","Male","18-24","US-WEST-WA, Washington","Suburban","$25,000-$49,999","0.8007696","10","Extremely satisfied","Occasionally (at least three or four times)","Occasionally (at least three or four times)","Several times a week (about 3 times a week)","About half of the time","Most of the time (about two-thirds)","9948ms","8919ms","7669ms","6850ms","9906ms","5255ms","4097ms","BONUS5","Q1Howlong","Q4Howsatisfied","Q11cultureact","Q12stewardact","Q13familyoutside","Q14trustpolicy","Q15trustexperts"
"86","4064760144876579765","2014-06-12 13:30:33","Mobile","Female","25-34","US-WEST-WA, Washington","Suburban","$50,000-$74,999","1.2988457","31","Somewhat satisfied","Rarely (at least once or twice)","Occasionally (at least three or four times)","Several times a week (about 3 times a week)","Some of the time (about a third)","Some of the time (about a third)","19450ms","5950ms","4234ms","4035ms","4856ms","4619ms","1389ms","BONUS5","Q1Howlong","Q4Howsatisfied","Q11cultureact","Q12stewardact","Q13familyoutside","Q14trustpolicy","Q15trustexperts"
"87","133986576251167682","2014-06-12 13:35:39","Mobile","Female","25-34","US-WEST-WA, Washington","Urban","$50,000-$74,999","1.2988457","8","Somewhat satisfied","Never","Never","About 1-3 times a month","About half of the time","About half of the time","4394ms","3228ms","7042ms","6649ms","4053ms","9857ms","2917ms","BONUS5","Q1Howlong","Q4Howsatisfied","Q11cultureact","Q12stewardact","Q13familyoutside","Q14trustpolicy","Q15trustexperts"
"88","1273979779909261879","2014-06-12 13:52:42","Mobile","Male","35-44","US-WEST-WA, Washington","Rural","$25,000-$49,999","0.8007696","20","Somewhat satisfied","Rarely (at least once or twice)","Never","Almost every day (at least 5 times a week)","Some of the time (about a third)","Some of the time (about a third)","27075ms","31804ms","17534ms","23978ms","23755ms","19154ms","9063ms","BONUS5","Q1Howlong","Q4Howsatisfied","Q11cultureact","Q12stewardact","Q13familyoutside","Q14trustpolicy","Q15trustexperts"
"89","931186382579621000","2014-06-12 15:30:51","Mobile","Female","25-34","US-WEST-WA, Washington","Suburban","$25,000-$49,999","1.2988457","30","Somewhat satisfied","Rarely (at least once or twice)","Occasionally (at least three or four times)","Several times a week (about 3 times a week)","Some of the time (about a third)","Most of the time (about two-thirds)","15381ms","7309ms","13030ms","4154ms","4702ms","4842ms","3347ms","BONUS5","Q1Howlong","Q4Howsatisfied","Q11cultureact","Q12stewardact","Q13familyoutside","Q14trustpolicy","Q15trustexperts"
"90","3886687487259900703","2014-06-12 18:02:45","Arts & Entertainment","Female","65+","US-WEST-WA, Washington","Urban","$25,000-$49,999","1.2988457","2","Extremely satisfied","Occasionally (at least three or four times)","Constantly (at least once per week)","Almost every day (at least 5 times a week)","Some of the time (about a third)","Some of the time (about a third)","9431ms","4562ms","8125ms","7481ms","7234ms","7347ms","7095ms","BONUS5","Q1Howlong","Q4Howsatisfied","Q11cultureact","Q12stewardact","Q13familyoutside","Q14trustpolicy","Q15trustexperts"
"91","3459385649446754590","2014-06-12 18:16:55","Mobile","Female","25-34","US-WEST-WA, Washington","Urban","$25,000-$49,999","1.2988457","4","Somewhat satisfied","Regularly (at least once a month)","Rarely (at least once or twice)","About 1 time a week","Some of the time (about a third)","Some of the time (about a third)","689314ms","7784ms","6760ms","6256ms","11589ms","5758ms","5280ms","BONUS5","Q1Howlong","Q4Howsatisfied","Q11cultureact","Q12stewardact","Q13familyoutside","Q14trustpolicy","Q15trustexperts"
"92","5439293974324523860","2014-06-12 21:01:13","Mobile","Male","25-34","US-WEST-WA, Washington","Rural","$25,000-$49,999","0.8007696","25","Extremely satisfied","Occasionally (at least three or four times)","Occasionally (at least three or four times)","Almost every day (at least 5 times a week)","Some of the time (about a third)","Some of the time (about a third)","8809ms","6684ms","10112ms","1387ms","9383ms","7815ms","3316ms","BONUS5","Q1Howlong","Q4Howsatisfied","Q11cultureact","Q12stewardact","Q13familyoutside","Q14trustpolicy","Q15trustexperts"
"93","990498081394992110","2014-06-12 21:04:44","Mobile","Male","35-44","US-WEST-WA, Washington","Urban","$75,000-$99,999","0.8007696","38","Somewhat satisfied","Occasionally (at least three or four times)","Rarely (at least once or twice)","About 1-3 times a month","Almost never or never","About half of the time","17685ms","7889ms","267860ms","8195ms","8212ms","35812ms","6601ms","BONUS5","Q1Howlong","Q4Howsatisfied","Q11cultureact","Q12stewardact","Q13familyoutside","Q14trustpolicy","Q15trustexperts"
"94","1772787483687588961","2014-06-12 21:16:08","Mobile","Female","45-54","US-WEST-WA, Washington","Rural","$75,000-$99,999","1.2988457","47","Somewhat dissatisfied","Rarely (at least once or twice)","Never","About 1 time a week","About half of the time","About half of the time","11662ms","15923ms","28307ms","7077ms","18426ms","9796ms","9647ms","BONUS5","Q1Howlong","Q4Howsatisfied","Q11cultureact","Q12stewardact","Q13familyoutside","Q14trustpolicy","Q15trustexperts"
"95","7669482724096108359","2014-06-12 23:35:14","Mobile","Male","35-44","US-WEST-WA, Washington","Suburban","$75,000-$99,999","0.8007696","40","Somewhat satisfied","Rarely (at least once or twice)","Never","Rarely or never (less than 1 time a month)","About half of the time","Almost always or always","14429ms","8404ms","16606ms","6931ms","12607ms","13393ms","12121ms","BONUS5","Q1Howlong","Q4Howsatisfied","Q11cultureact","Q12stewardact","Q13familyoutside","Q14trustpolicy","Q15trustexperts"
"96","5616544159295084093","2014-06-13 00:20:45","Mobile","Female","25-34","US-WEST-WA, Washington","Suburban","$25,000-$49,999","1.2988457","9","Somewhat satisfied","Occasionally (at least three or four times)","Rarely (at least once or twice)","Several times a week (about 3 times a week)","Almost never or never","About half of the time","7365ms","9056ms","8084ms","4942ms","5590ms","7660ms","10055ms","BONUS5","Q1Howlong","Q4Howsatisfied","Q11cultureact","Q12stewardact","Q13familyoutside","Q14trustpolicy","Q15trustexperts"
"97","6642228599650628703","2014-06-13 00:56:43","Mobile","Female","18-24","US-WEST-WA, Washington","Suburban","$25,000-$49,999","1.2988457","3","Extremely satisfied","Regularly (at least once a month)","Regularly (at least once per month)","Several times a week (about 3 times a week)","Most of the time (about two-thirds)","Most of the time (about two-thirds)","6505ms","4619ms","6872ms","5812ms","4544ms","5175ms","3108ms","BONUS5","Q1Howlong","Q4Howsatisfied","Q11cultureact","Q12stewardact","Q13familyoutside","Q14trustpolicy","Q15trustexperts"
"98","7784697862540919242","2014-06-13 00:59:26","Mobile","Female","18-24","US-WEST-WA, Washington","Suburban","$0-$24,999","1.2988457","21","Extremely satisfied","Rarely (at least once or twice)","Occasionally (at least three or four times)","About 1-3 times a month","Most of the time (about two-thirds)","Most of the time (about two-thirds)","21974ms","5443ms","21343ms","9903ms","5497ms","11792ms","7793ms","BONUS5","Q1Howlong","Q4Howsatisfied","Q11cultureact","Q12stewardact","Q13familyoutside","Q14trustpolicy","Q15trustexperts"
"99","5344210208850768681","2014-06-13 01:16:09","Mobile","Male","45-54","US-WEST-WA, Washington","Urban","$100,000-$149,999","0.8007696","7","Extremely dissatisfied","Rarely (at least once or twice)","Rarely (at least once or twice)","About 1-3 times a month","About half of the time","Almost never or never","192203ms","8633ms","24052ms","13011ms","68033ms","26483ms","28266ms","BONUS5","Q1Howlong","Q4Howsatisfied","Q11cultureact","Q12stewardact","Q13familyoutside","Q14trustpolicy","Q15trustexperts"
"100","4387682456145648286","2014-06-13 01:47:38","Mobile","Female","25-34","US-WEST-WA, Washington","Urban","$25,000-$49,999","1.2988457","20","Extremely satisfied","Regularly (at least once a month)","Never","Almost every day (at least 5 times a week)","Almost never or never","About half of the time","16868ms","5062ms","6405ms","8111ms","4358ms","23781ms","5107ms","BONUS5","Q1Howlong","Q4Howsatisfied","Q11cultureact","Q12stewardact","Q13familyoutside","Q14trustpolicy","Q15trustexperts"
"101","4181793294579715525","2014-06-13 02:03:36","Mobile","Female","25-34","US-WEST-WA, Washington","Unknown","$50,000-$74,999","1.2988457","28","Somewhat satisfied","Never","Rarely (at least once or twice)","About 1-3 times a month","About half of the time","About half of the time","5003ms","2099ms","12914ms","7463ms","5069ms","4273ms","7498ms","BONUS5","Q1Howlong","Q4Howsatisfied","Q11cultureact","Q12stewardact","Q13familyoutside","Q14trustpolicy","Q15trustexperts"
"102","3660279696899262739","2014-06-13 02:20:36","Mobile","Female","18-24","US-WEST-WA, Washington","Unknown","$75,000-$99,999","1.2988457","18","Somewhat dissatisfied","Rarely (at least once or twice)","Occasionally (at least three or four times)","About 1 time a week","Some of the time (about a third)","Almost always or always","9096ms","13243ms","3954ms","3856ms","2911ms","10349ms","8933ms","BONUS5","Q1Howlong","Q4Howsatisfied","Q11cultureact","Q12stewardact","Q13familyoutside","Q14trustpolicy","Q15trustexperts"
"103","7916038877943844209","2014-06-13 04:30:58","Mobile","Female","18-24","US-WEST-WA, Washington","Urban","$0-$24,999","1.2988457","19","Somewhat satisfied","Rarely (at least once or twice)","Never","About 1-3 times a month","Some of the time (about a third)","About half of the time","10576ms","6032ms","6220ms","6403ms","7402ms","6825ms","4809ms","BONUS5","Q1Howlong","Q4Howsatisfied","Q11cultureact","Q12stewardact","Q13familyoutside","Q14trustpolicy","Q15trustexperts"
"104","7491295192399377568","2014-06-13 06:11:00","Mobile","Male","35-44","US-WEST-WA, Washington","Unknown","$100,000-$149,999","0.8007696","7","Extremely satisfied","Occasionally (at least three or four times)","Never","About 1-3 times a month","Almost never or never","Almost never or never","15844ms","7418ms","6922ms","8693ms","13464ms","8344ms","4955ms","BONUS5","Q1Howlong","Q4Howsatisfied","Q11cultureact","Q12stewardact","Q13familyoutside","Q14trustpolicy","Q15trustexperts"
"105","6596573537845258814","2014-06-13 06:47:41","Mobile","Male","25-34","US-WEST-WA, Washington","Urban","$25,000-$49,999","0.8007696","28","Somewhat satisfied","Occasionally (at least three or four times)","Regularly (at least once per month)","About 1 time a week","About half of the time","Some of the time (about a third)","19032ms","13820ms","26294ms","21328ms","34011ms","18769ms","14923ms","BONUS5","Q1Howlong","Q4Howsatisfied","Q11cultureact","Q12stewardact","Q13familyoutside","Q14trustpolicy","Q15trustexperts"
"106","5917310295936913211","2014-06-13 07:33:45","Mobile","Female","25-34","US-WEST-WA, Washington","Urban","$50,000-$74,999","1.2988457","24","Extremely satisfied","Never","Never","About 1-3 times a month","Some of the time (about a third)","Most of the time (about two-thirds)","26204ms","9759ms","9792ms","2846ms","9329ms","8429ms","6297ms","BONUS5","Q1Howlong","Q4Howsatisfied","Q11cultureact","Q12stewardact","Q13familyoutside","Q14trustpolicy","Q15trustexperts"
"107","1803305959642140798","2014-06-13 07:46:33","Mobile","Female","25-34","US-WEST-WA, Washington","Suburban","$25,000-$49,999","1.2988457","2","Neither satisfied nor dissatisfied","Never","Never","About 1-3 times a month","Some of the time (about a third)","Almost always or always","6420ms","3362ms","5358ms","5536ms","4275ms","11034ms","7762ms","BONUS5","Q1Howlong","Q4Howsatisfied","Q11cultureact","Q12stewardact","Q13familyoutside","Q14trustpolicy","Q15trustexperts"
"108","1525899151733730275","2014-06-13 08:21:30","Mobile","Male","25-34","US-WEST-WA, Washington","Suburban","$100,000-$149,999","0.8007696","32","Somewhat satisfied","Rarely (at least once or twice)","Never","Several times a week (about 3 times a week)","About half of the time","Most of the time (about two-thirds)","7592ms","5498ms","13988ms","5473ms","8007ms","9169ms","4164ms","BONUS5","Q1Howlong","Q4Howsatisfied","Q11cultureact","Q12stewardact","Q13familyoutside","Q14trustpolicy","Q15trustexperts"
"109","5881915428368945358","2014-06-13 10:25:05","Mobile","Male","18-24","US-WEST-WA, Washington","Urban","$0-$24,999","0.8007696","21","Extremely satisfied","Regularly (at least once a month)","Regularly (at least once per month)","Almost every day (at least 5 times a week)","About half of the time","Most of the time (about two-thirds)","14151ms","8798ms","20351ms","27368ms","6856ms","8010ms","5318ms","BONUS5","Q1Howlong","Q4Howsatisfied","Q11cultureact","Q12stewardact","Q13familyoutside","Q14trustpolicy","Q15trustexperts"
"110","4579947570466852691","2014-06-13 11:39:30","Mobile","Female","18-24","US-WEST-WA, Washington","Suburban","$25,000-$49,999","1.2988457","22","Somewhat satisfied","Rarely (at least once or twice)","Rarely (at least once or twice)","About 1 time a week","About half of the time","About half of the time","14809ms","5526ms","9211ms","4726ms","4839ms","3709ms","1658ms","BONUS5","Q1Howlong","Q4Howsatisfied","Q11cultureact","Q12stewardact","Q13familyoutside","Q14trustpolicy","Q15trustexperts"
"111","2364542916603341151","2014-06-13 14:37:05","Mobile","Female","25-34","US-WEST-WA, Washington","Urban","$50,000-$74,999","1.2988457","8","Somewhat satisfied","Rarely (at least once or twice)","Constantly (at least once per week)","Almost every day (at least 5 times a week)","Almost never or never","Almost never or never","6819ms","5217ms","6608ms","10016ms","5843ms","7508ms","5669ms","BONUS5","Q1Howlong","Q4Howsatisfied","Q11cultureact","Q12stewardact","Q13familyoutside","Q14trustpolicy","Q15trustexperts"
"112","7538884034036120760","2014-06-13 22:26:27","Mobile","Male","25-34","US-WEST-WA, Washington","Suburban","$50,000-$74,999","0.8007696","14","Extremely satisfied","Regularly (at least once a month)","Occasionally (at least three or four times)","Several times a week (about 3 times a week)","Most of the time (about two-thirds)","Most of the time (about two-thirds)","12164ms","10679ms","6450ms","20993ms","6714ms","8985ms","10985ms","BONUS5","Q1Howlong","Q4Howsatisfied","Q11cultureact","Q12stewardact","Q13familyoutside","Q14trustpolicy","Q15trustexperts"
"113","1139028972650354740","2014-06-15 01:29:20","Mobile","Male","25-34","US-WEST-WA, Washington","Suburban","$50,000-$74,999","0.8007696","15","Somewhat satisfied","Occasionally (at least three or four times)","Occasionally (at least three or four times)","Several times a week (about 3 times a week)","About half of the time","About half of the time","9411ms","3903ms","5514ms","6892ms","4770ms","6528ms","3883ms","BONUS5","Q1Howlong","Q4Howsatisfied","Q11cultureact","Q12stewardact","Q13familyoutside","Q14trustpolicy","Q15trustexperts"
"114","2626025874683335202","2014-06-15 02:14:52","Mobile","Female","18-24","US-WEST-WA, Washington","Rural","$50,000-$74,999","1.2988457",".5","Somewhat dissatisfied","Rarely (at least once or twice)","Rarely (at least once or twice)","Several times a week (about 3 times a week)","Most of the time (about two-thirds)","Most of the time (about two-thirds)","4671ms","19738ms","3639ms","3029ms","2662ms","33559ms","1834ms","BONUS5","Q1Howlong","Q4Howsatisfied","Q11cultureact","Q12stewardact","Q13familyoutside","Q14trustpolicy","Q15trustexperts"
"115","5963897871688941105","2014-06-15 02:34:11","Arts & Entertainment","Unknown","Unknown","US-WEST-WA, Washington","Urban","$25,000-$49,999",NA,"89","Extremely dissatisfied","Constantly (at least once a week)","Constantly (at least once per week)","Almost every day (at least 5 times a week)","Almost never or never","Almost never or never","14831ms","10344ms","8375ms","7673ms","5013ms","5829ms","2873ms","BONUS5","Q1Howlong","Q4Howsatisfied","Q11cultureact","Q12stewardact","Q13familyoutside","Q14trustpolicy","Q15trustexperts"
"116","4899275985825981007","2014-06-15 12:51:54","Mobile","Male","25-34","US-WEST-WA, Washington","Urban","$100,000-$149,999","0.8007696","26","Somewhat satisfied","Never","Rarely (at least once or twice)","Several times a week (about 3 times a week)","About half of the time","Most of the time (about two-thirds)","10558ms","6263ms","10674ms","7306ms","5947ms","5570ms","7957ms","BONUS5","Q1Howlong","Q4Howsatisfied","Q11cultureact","Q12stewardact","Q13familyoutside","Q14trustpolicy","Q15trustexperts"
"117","7948130256867271895","2014-06-15 17:24:23","Mobile","Male","18-24","US-WEST-WA, Washington","Urban","$75,000-$99,999","0.8007696","24","Somewhat dissatisfied","Rarely (at least once or twice)","Rarely (at least once or twice)","About 1 time a week","About half of the time","About half of the time","7743ms","15702ms","4192ms","11550ms","9450ms","11495ms","6490ms","BONUS5","Q1Howlong","Q4Howsatisfied","Q11cultureact","Q12stewardact","Q13familyoutside","Q14trustpolicy","Q15trustexperts"
"118","3285955392494874297","2014-06-15 23:09:47","News","Unknown","Unknown","US-WEST-WA, Washington","Suburban","$25,000-$49,999",NA,"27","Somewhat satisfied","Occasionally (at least three or four times)","Occasionally (at least three or four times)","About 1 time a week","Almost never or never","About half of the time","20257ms","5179ms","6802ms","8627ms","4212ms","5195ms","4228ms","BONUS5","Q1Howlong","Q4Howsatisfied","Q11cultureact","Q12stewardact","Q13familyoutside","Q14trustpolicy","Q15trustexperts"
"119","7799324191663753093","2014-06-16 05:09:14","Mobile","Male","18-24","US-WEST-WA, Washington","Suburban","$25,000-$49,999","0.8007696","19","Somewhat satisfied","Rarely (at least once or twice)","Rarely (at least once or twice)","About 1-3 times a month","Almost never or never","Almost never or never","13309ms","9196ms","6754ms","4217ms","15427ms","7373ms","2838ms","BONUS5","Q1Howlong","Q4Howsatisfied","Q11cultureact","Q12stewardact","Q13familyoutside","Q14trustpolicy","Q15trustexperts"
"120","7143199527356463400","2014-06-16 06:48:36","Mobile","Female","18-24","US-WEST-WA, Washington","Rural","$50,000-$74,999","1.2988457","19","Extremely satisfied","Occasionally (at least three or four times)","Occasionally (at least three or four times)","Several times a week (about 3 times a week)","About half of the time","About half of the time","13921ms","4467ms","7620ms","2434ms","4312ms","2701ms","980ms","BONUS5","Q1Howlong","Q4Howsatisfied","Q11cultureact","Q12stewardact","Q13familyoutside","Q14trustpolicy","Q15trustexperts"
"121","9173670754571652167","2014-06-16 07:02:24","Mobile","Male","25-34","US-WEST-WA, Washington","Urban","$100,000-$149,999","0.8007696","26","Neither satisfied nor dissatisfied","Rarely (at least once or twice)","Never","About 1-3 times a month","Most of the time (about two-thirds)","Most of the time (about two-thirds)","17800ms","11173ms","15225ms","13609ms","40123ms","24399ms","1913ms","BONUS5","Q1Howlong","Q4Howsatisfied","Q11cultureact","Q12stewardact","Q13familyoutside","Q14trustpolicy","Q15trustexperts"
"122","7729137229640633551","2014-06-16 07:05:11","News","Unknown","Unknown","US-WEST-WA, Washington","Suburban","$25,000-$49,999",NA,"26","Neither satisfied nor dissatisfied","Rarely (at least once or twice)","Never","About 1 time a week","Some of the time (about a third)","About half of the time","680593ms","3857ms","8354ms","5294ms","7485ms","5134ms","6131ms","BONUS5","Q1Howlong","Q4Howsatisfied","Q11cultureact","Q12stewardact","Q13familyoutside","Q14trustpolicy","Q15trustexperts"
"123","7996952839913367661","2014-06-16 07:39:29","Mobile","Female","18-24","US-WEST-WA, Washington","Suburban","$25,000-$49,999","1.2988457","10","Somewhat satisfied","Occasionally (at least three or four times)","Never","Several times a week (about 3 times a week)","Almost never or never","Almost never or never","8102ms","3571ms","8756ms","7770ms","5862ms","3434ms","5201ms","BONUS5","Q1Howlong","Q4Howsatisfied","Q11cultureact","Q12stewardact","Q13familyoutside","Q14trustpolicy","Q15trustexperts"
"124","1050011966993579467","2014-06-16 07:58:16","Mobile","Male","25-34","US-WEST-WA, Washington","Suburban","$0-$24,999","0.8007696","28","Somewhat satisfied","Never","Rarely (at least once or twice)","Several times a week (about 3 times a week)","Some of the time (about a third)","Most of the time (about two-thirds)","11699ms","10387ms","13507ms","18608ms","11198ms","6379ms","6245ms","BONUS5","Q1Howlong","Q4Howsatisfied","Q11cultureact","Q12stewardact","Q13familyoutside","Q14trustpolicy","Q15trustexperts"
"125","6943259480656273221","2014-06-16 08:52:13","Mobile","Male","25-34","US-WEST-WA, Washington","Suburban","$100,000-$149,999","0.8007696","15","Somewhat satisfied","Occasionally (at least three or four times)","Regularly (at least once per month)","Several times a week (about 3 times a week)","Almost never or never","About half of the time","10745ms","9604ms","12221ms","8342ms","11084ms","9839ms","9218ms","BONUS5","Q1Howlong","Q4Howsatisfied","Q11cultureact","Q12stewardact","Q13familyoutside","Q14trustpolicy","Q15trustexperts"
"126","8808742094042467210","2014-06-16 10:16:12","Reference","Female","45-54","US-WEST-WA, Washington","Suburban","$50,000-$74,999","1.2988457","15","Somewhat dissatisfied","Never","Never","Rarely or never (less than 1 time a month)","Almost never or never","Almost never or never","23754ms","13216ms","6507ms","6584ms","6014ms","5434ms","5305ms","BONUS5","Q1Howlong","Q4Howsatisfied","Q11cultureact","Q12stewardact","Q13familyoutside","Q14trustpolicy","Q15trustexperts"
"127","4528215057456581426","2014-06-16 10:20:42","Mobile","Male","18-24","US-WEST-WA, Washington","Rural","$25,000-$49,999","0.8007696","19","Extremely satisfied","Rarely (at least once or twice)","Rarely (at least once or twice)","Several times a week (about 3 times a week)","Most of the time (about two-thirds)","Most of the time (about two-thirds)","10736ms","7670ms","10188ms","962ms","7299ms","6036ms","3204ms","BONUS5","Q1Howlong","Q4Howsatisfied","Q11cultureact","Q12stewardact","Q13familyoutside","Q14trustpolicy","Q15trustexperts"
"128","1234361649287552903","2014-06-16 11:36:53","Mobile","Female","18-24","US-WEST-WA, Washington","Urban","$0-$24,999","1.2988457","1","Extremely satisfied","Constantly (at least once a week)","Regularly (at least once per month)","Several times a week (about 3 times a week)","Almost always or always","Almost always or always","5742ms","4831ms","15063ms","10928ms","6641ms","5807ms","6868ms","BONUS5","Q1Howlong","Q4Howsatisfied","Q11cultureact","Q12stewardact","Q13familyoutside","Q14trustpolicy","Q15trustexperts"
"129","2748123400850801265","2014-06-16 11:57:31","Mobile","Male","25-34","US-WEST-WA, Washington","Suburban","$50,000-$74,999","0.8007696","9","Somewhat satisfied","Occasionally (at least three or four times)","Rarely (at least once or twice)","Several times a week (about 3 times a week)","Most of the time (about two-thirds)","Most of the time (about two-thirds)","11804ms","5054ms","7535ms","7464ms","9346ms","12447ms","2302ms","BONUS5","Q1Howlong","Q4Howsatisfied","Q11cultureact","Q12stewardact","Q13familyoutside","Q14trustpolicy","Q15trustexperts"
"130","4512268127373928029","2014-06-16 12:10:46","Mobile","Male","18-24","US-WEST-WA, Washington","Rural","$100,000-$149,999","0.8007696","23","Somewhat satisfied","Never","Rarely (at least once or twice)","Several times a week (about 3 times a week)","About half of the time","About half of the time","7324ms","8255ms","7526ms","6587ms","16209ms","10927ms","9636ms","BONUS5","Q1Howlong","Q4Howsatisfied","Q11cultureact","Q12stewardact","Q13familyoutside","Q14trustpolicy","Q15trustexperts"
"131","5886429402201682624","2014-06-16 13:14:03","News","Unknown","Unknown","US-WEST-WA, Washington","Unknown","$50,000-$74,999",NA,"47","Somewhat satisfied","Never","Never","Several times a week (about 3 times a week)","Most of the time (about two-thirds)","Most of the time (about two-thirds)","48686ms","13535ms","16736ms","8679ms","8241ms","7581ms","10313ms","BONUS5","Q1Howlong","Q4Howsatisfied","Q11cultureact","Q12stewardact","Q13familyoutside","Q14trustpolicy","Q15trustexperts"
"132","721738431976206351","2014-06-16 17:43:40","Arts & Entertainment","Male","55-64","US-WEST-WA, Washington","Suburban","$25,000-$49,999","0.8007696","46","Somewhat dissatisfied","Rarely (at least once or twice)","Rarely (at least once or twice)","About 1-3 times a month","About half of the time","About half of the time","41496ms","25338ms","11750ms","5924ms","7277ms","12927ms","4429ms","BONUS5","Q1Howlong","Q4Howsatisfied","Q11cultureact","Q12stewardact","Q13familyoutside","Q14trustpolicy","Q15trustexperts"
"133","788267507437688348","2014-06-16 20:58:16","Mobile","Male","25-34","US-WEST-WA, Washington","Suburban","$0-$24,999","0.8007696","23","Extremely satisfied","Occasionally (at least three or four times)","Occasionally (at least three or four times)","About 1 time a week","About half of the time","Most of the time (about two-thirds)","9374ms","4238ms","9912ms","13068ms","14227ms","27038ms","4660ms","BONUS5","Q1Howlong","Q4Howsatisfied","Q11cultureact","Q12stewardact","Q13familyoutside","Q14trustpolicy","Q15trustexperts"
"134","7368981847698094106","2014-06-16 21:34:30","Mobile","Male","18-24","US-WEST-WA, Washington","Suburban","$0-$24,999","0.8007696","23","Extremely satisfied","Never","Rarely (at least once or twice)","Several times a week (about 3 times a week)","Some of the time (about a third)","Most of the time (about two-thirds)","22433ms","9029ms","18612ms","15582ms","22940ms","15820ms","5541ms","BONUS5","Q1Howlong","Q4Howsatisfied","Q11cultureact","Q12stewardact","Q13familyoutside","Q14trustpolicy","Q15trustexperts"
"135","2198144366788660104","2014-06-17 00:30:43","Mobile","Unknown","Unknown","US-WEST-WA, Washington","Suburban","$25,000-$49,999",NA,"19","Extremely satisfied","Never","Never","Several times a week (about 3 times a week)","About half of the time","Some of the time (about a third)","38002ms","10652ms","6767ms","4918ms","7249ms","5412ms","8176ms","BONUS5","Q1Howlong","Q4Howsatisfied","Q11cultureact","Q12stewardact","Q13familyoutside","Q14trustpolicy","Q15trustexperts"
"136","6556563191202386558","2014-06-17 08:08:05","Mobile","Male","25-34","US-WEST-WA, Washington","Rural","$25,000-$49,999","0.8007696","4","Extremely satisfied","Never","Never","About 1 time a week","Most of the time (about two-thirds)","Most of the time (about two-thirds)","34838ms","13008ms","5633ms","6153ms","11760ms","11020ms","8434ms","BONUS5","Q1Howlong","Q4Howsatisfied","Q11cultureact","Q12stewardact","Q13familyoutside","Q14trustpolicy","Q15trustexperts"
"137","5853551276208241902","2014-06-17 08:18:02","Mobile","Male","25-34","US-WEST-WA, Washington","Rural","$50,000-$74,999","0.8007696","29","Neither satisfied nor dissatisfied","Never","Never","About 1 time a week","Some of the time (about a third)","About half of the time","11646ms","6230ms","7481ms","6476ms","9582ms","13288ms","5378ms","BONUS5","Q1Howlong","Q4Howsatisfied","Q11cultureact","Q12stewardact","Q13familyoutside","Q14trustpolicy","Q15trustexperts"
"138","5742102881312142946","2014-06-17 10:14:17","Mobile","Female","25-34","US-WEST-WA, Washington","Rural","$150,000+","1.2988457","2","Extremely satisfied","Never","Never","Several times a week (about 3 times a week)","About half of the time","Most of the time (about two-thirds)","4708ms","3777ms","12268ms","10044ms","19055ms","18025ms","8770ms","BONUS5","Q1Howlong","Q4Howsatisfied","Q11cultureact","Q12stewardact","Q13familyoutside","Q14trustpolicy","Q15trustexperts"
"139","5428820471582307496","2014-06-17 10:45:02","Arts & Entertainment","Male","18-24","US-WEST-WA, Washington","Suburban","$0-$24,999","0.8007696","30","Somewhat satisfied","Rarely (at least once or twice)","Never","About 1-3 times a month","Some of the time (about a third)","Almost never or never","18237ms","5800ms","10411ms","4654ms","8849ms","8319ms","4596ms","BONUS5","Q1Howlong","Q4Howsatisfied","Q11cultureact","Q12stewardact","Q13familyoutside","Q14trustpolicy","Q15trustexperts"
"140","2018580110916597830","2014-06-17 11:29:29","Mobile","Female","25-34","US-WEST-WA, Washington","Urban","$75,000-$99,999","1.2988457","26","Somewhat satisfied","Occasionally (at least three or four times)","Occasionally (at least three or four times)","Several times a week (about 3 times a week)","Some of the time (about a third)","Some of the time (about a third)","17853ms","8766ms","14998ms","7492ms","9315ms","8449ms","8901ms","BONUS5","Q1Howlong","Q4Howsatisfied","Q11cultureact","Q12stewardact","Q13familyoutside","Q14trustpolicy","Q15trustexperts"
"141","3285669991366403776","2014-06-18 01:43:08","Mobile","Female","45-54","US-WEST-WA, Washington","Rural","$0-$24,999","1.2988457","38","Somewhat dissatisfied","Never","Never","Almost every day (at least 5 times a week)","Most of the time (about two-thirds)","Most of the time (about two-thirds)","31541ms","17221ms","8514ms","15515ms","18538ms","17062ms","8200ms","BONUS5","Q1Howlong","Q4Howsatisfied","Q11cultureact","Q12stewardact","Q13familyoutside","Q14trustpolicy","Q15trustexperts"
"142","1200595409374054784","2014-06-18 06:31:19","Mobile","Female","25-34","US-WEST-WA, Washington","Urban","$75,000-$99,999","1.2988457","18","Extremely satisfied","Occasionally (at least three or four times)","Never","Several times a week (about 3 times a week)","Almost never or never","Most of the time (about two-thirds)","6879ms","3035ms","7038ms","4365ms","5709ms","3680ms","3718ms","BONUS5","Q1Howlong","Q4Howsatisfied","Q11cultureact","Q12stewardact","Q13familyoutside","Q14trustpolicy","Q15trustexperts"
"143","6007150014426836701","2014-06-18 11:19:46","Mobile","Male","25-34","US-WEST-WA, Washington","Urban","$100,000-$149,999","0.8007696","1","Extremely satisfied","Rarely (at least once or twice)","Rarely (at least once or twice)","About 1-3 times a month","Almost always or always","Almost always or always","13298ms","5616ms","10408ms","2887625ms","13437ms","7682ms","6377ms","BONUS5","Q1Howlong","Q4Howsatisfied","Q11cultureact","Q12stewardact","Q13familyoutside","Q14trustpolicy","Q15trustexperts"
"144","798334098749020852","2014-06-18 15:52:15","Mobile","Female","18-24","US-WEST-WA, Washington","Unknown","$25,000-$49,999","1.2988457","18","Extremely satisfied","Rarely (at least once or twice)","Rarely (at least once or twice)","About 1 time a week","Some of the time (about a third)","Most of the time (about two-thirds)","2714ms","2552ms","7562ms","6641ms","7296ms","9959ms","4485ms","BONUS5","Q1Howlong","Q4Howsatisfied","Q11cultureact","Q12stewardact","Q13familyoutside","Q14trustpolicy","Q15trustexperts"
"145","2336113559931143668","2014-06-18 18:29:26","Mobile","Female","35-44","US-WEST-WA, Washington","Urban","$0-$24,999","1.2988457","36","Somewhat satisfied","Constantly (at least once a week)","Constantly (at least once per week)","Almost every day (at least 5 times a week)","Almost never or never","Almost never or never","8532ms","8096ms","14670ms","367ms","5610ms","8539ms","4197ms","BONUS5","Q1Howlong","Q4Howsatisfied","Q11cultureact","Q12stewardact","Q13familyoutside","Q14trustpolicy","Q15trustexperts"
"146","5618138430077538154","2014-06-18 19:31:39","Mobile","Male","18-24","US-WEST-WA, Washington","Rural","$150,000+","0.8007696","2","Extremely satisfied","Occasionally (at least three or four times)","Rarely (at least once or twice)","Several times a week (about 3 times a week)","Most of the time (about two-thirds)","Most of the time (about two-thirds)","8653ms","4501ms","6516ms","5622ms","5626ms","8600ms","3950ms","BONUS5","Q1Howlong","Q4Howsatisfied","Q11cultureact","Q12stewardact","Q13familyoutside","Q14trustpolicy","Q15trustexperts"
"147","863944059890556318","2014-06-18 19:59:34","Mobile","Female","45-54","US-WEST-WA, Washington","Rural","$50,000-$74,999","1.2988457","25","Extremely satisfied","Constantly (at least once a week)","Never","Almost every day (at least 5 times a week)","Some of the time (about a third)","Some of the time (about a third)","28048ms","25343ms","17401ms","2248961ms","7226ms","13846ms","7194ms","BONUS5","Q1Howlong","Q4Howsatisfied","Q11cultureact","Q12stewardact","Q13familyoutside","Q14trustpolicy","Q15trustexperts"
"148","2020039088246661028","2014-06-18 21:54:37","Mobile","Female","18-24","US-WEST-WA, Washington","Urban","$25,000-$49,999","1.2988457","5","Somewhat satisfied","Never","Never","About 1-3 times a month","Some of the time (about a third)","Most of the time (about two-thirds)","20453ms","7527ms","9340ms","4408ms","12256ms","9125ms","10476ms","BONUS5","Q1Howlong","Q4Howsatisfied","Q11cultureact","Q12stewardact","Q13familyoutside","Q14trustpolicy","Q15trustexperts"
"149","962541760032487779","2014-06-18 22:11:54","Mobile","Female","18-24","US-WEST-WA, Washington","Urban","$50,000-$74,999","1.2988457","13","Somewhat satisfied","Rarely (at least once or twice)","Never","Rarely or never (less than 1 time a month)","About half of the time","About half of the time","15332ms","3295ms","9368ms","7568ms","9611ms","5126ms","12133ms","BONUS5","Q1Howlong","Q4Howsatisfied","Q11cultureact","Q12stewardact","Q13familyoutside","Q14trustpolicy","Q15trustexperts"
"150","1525143629819354897","2014-06-18 22:28:08","Mobile","Male","25-34","US-WEST-WA, Washington","Rural","$75,000-$99,999","0.8007696","16","Somewhat dissatisfied","Occasionally (at least three or four times)","Rarely (at least once or twice)","About 1 time a week","About half of the time","About half of the time","12452ms","9157ms","8809ms","10342ms","7203ms","9019ms","4310ms","BONUS5","Q1Howlong","Q4Howsatisfied","Q11cultureact","Q12stewardact","Q13familyoutside","Q14trustpolicy","Q15trustexperts"
"151","3530727550369588400","2014-06-18 22:32:18","Mobile","Female","25-34","US-WEST-WA, Washington","Rural","$50,000-$74,999","1.2988457","29","Somewhat dissatisfied","Never","Never","About 1-3 times a month","Almost never or never","About half of the time","6035ms","4084ms","5454ms","4688ms","5724ms","5188ms","5557ms","BONUS5","Q1Howlong","Q4Howsatisfied","Q11cultureact","Q12stewardact","Q13familyoutside","Q14trustpolicy","Q15trustexperts"
"152","7815878938143605867","2014-06-18 22:33:05","Mobile","Male","18-24","US-WEST-WA, Washington","Suburban","$0-$24,999","0.8007696","4","Somewhat satisfied","Rarely (at least once or twice)","Rarely (at least once or twice)","Several times a week (about 3 times a week)","Most of the time (about two-thirds)","Almost always or always","4157ms","3560ms","7018ms","7957ms","4616ms","8508ms","3241ms","BONUS5","Q1Howlong","Q4Howsatisfied","Q11cultureact","Q12stewardact","Q13familyoutside","Q14trustpolicy","Q15trustexperts"
"153","2349025326326028741","2014-06-18 22:40:34","Mobile","Female","25-34","US-WEST-WA, Washington","Urban","$0-$24,999","1.2988457","32","Somewhat dissatisfied","Never","Never","Rarely or never (less than 1 time a month)","About half of the time","About half of the time","22630ms","17561ms","7219ms","4222ms","11868ms","22479ms","1246ms","BONUS5","Q1Howlong","Q4Howsatisfied","Q11cultureact","Q12stewardact","Q13familyoutside","Q14trustpolicy","Q15trustexperts"
"154","7542401763392881184","2014-06-18 22:41:33","Mobile","Female","18-24","US-WEST-WA, Washington","Urban","$25,000-$49,999","1.2988457","11","Somewhat satisfied","Occasionally (at least three or four times)","Rarely (at least once or twice)","About 1 time a week","About half of the time","About half of the time","7138ms","4939ms","7061ms","4723ms","5592ms","4211ms","3662ms","BONUS5","Q1Howlong","Q4Howsatisfied","Q11cultureact","Q12stewardact","Q13familyoutside","Q14trustpolicy","Q15trustexperts"
"155","5680444525097148093","2014-06-18 22:46:41","Mobile","Male","25-34","US-WEST-WA, Washington","Urban","$50,000-$74,999","0.8007696","29","Somewhat dissatisfied","Rarely (at least once or twice)","Never","About 1-3 times a month","Some of the time (about a third)","About half of the time","9270ms","5205ms","11118ms","10125ms","10509ms","5409ms","6451ms","BONUS5","Q1Howlong","Q4Howsatisfied","Q11cultureact","Q12stewardact","Q13familyoutside","Q14trustpolicy","Q15trustexperts"
"156","707507930162076310","2014-06-18 22:51:09","Mobile","Male","18-24","US-WEST-WA, Washington","Suburban","$50,000-$74,999","0.8007696","13","Somewhat satisfied","Regularly (at least once a month)","Occasionally (at least three or four times)","Several times a week (about 3 times a week)","About half of the time","About half of the time","4954ms","7985ms","9063ms","2880ms","5205ms","6461ms","2379ms","BONUS5","Q1Howlong","Q4Howsatisfied","Q11cultureact","Q12stewardact","Q13familyoutside","Q14trustpolicy","Q15trustexperts"
"157","584844279716449584","2014-06-18 22:52:56","News","Unknown","Unknown","US-WEST-WA, Washington","Urban","$25,000-$49,999",NA,"34","Somewhat satisfied","Occasionally (at least three or four times)","Rarely (at least once or twice)","Almost every day (at least 5 times a week)","Most of the time (about two-thirds)","Most of the time (about two-thirds)","67331ms","17689ms","18237ms","21286ms","13907ms","22464ms","10428ms","BONUS5","Q1Howlong","Q4Howsatisfied","Q11cultureact","Q12stewardact","Q13familyoutside","Q14trustpolicy","Q15trustexperts"
"158","2564412939356807099","2014-06-18 22:53:15","Mobile","Male","25-34","US-WEST-WA, Washington","Suburban","$100,000-$149,999","0.8007696","28","Somewhat satisfied","Never","Rarely (at least once or twice)","About 1-3 times a month","About half of the time","Most of the time (about two-thirds)","15598ms","4032ms","13314ms","28826ms","5377ms","4026ms","8057ms","BONUS5","Q1Howlong","Q4Howsatisfied","Q11cultureact","Q12stewardact","Q13familyoutside","Q14trustpolicy","Q15trustexperts"
"159","1150618242312558516","2014-06-18 22:54:29","Mobile","Female","35-44","US-WEST-WA, Washington","Suburban","$100,000-$149,999","1.2988457","28","Extremely satisfied","Rarely (at least once or twice)","Never","About 1 time a week","Most of the time (about two-thirds)","Most of the time (about two-thirds)","6632ms","10952ms","15053ms","4905ms","16942ms","13999ms","4260ms","BONUS5","Q1Howlong","Q4Howsatisfied","Q11cultureact","Q12stewardact","Q13familyoutside","Q14trustpolicy","Q15trustexperts"
"160","9082145547752762345","2014-06-18 22:54:39","Mobile","Female","18-24","US-WEST-WA, Washington","Urban","$0-$24,999","1.2988457","23","Extremely satisfied","Rarely (at least once or twice)","Rarely (at least once or twice)","Several times a week (about 3 times a week)","Most of the time (about two-thirds)","Most of the time (about two-thirds)","11211ms","9456ms","13994ms","3328ms","4069ms","4020ms","2529ms","BONUS5","Q1Howlong","Q4Howsatisfied","Q11cultureact","Q12stewardact","Q13familyoutside","Q14trustpolicy","Q15trustexperts"
"161","7232990692185254627","2014-06-18 22:58:42","Mobile","Male","18-24","US-WEST-WA, Washington","Suburban","$25,000-$49,999","0.8007696","0","Somewhat dissatisfied","Rarely (at least once or twice)","Rarely (at least once or twice)","About 1 time a week","Most of the time (about two-thirds)","Most of the time (about two-thirds)","5708ms","5232ms","2895ms","2363ms","2263ms","10301ms","988ms","BONUS5","Q1Howlong","Q4Howsatisfied","Q11cultureact","Q12stewardact","Q13familyoutside","Q14trustpolicy","Q15trustexperts"
"162","8383487853620396238","2014-06-18 23:00:01","Mobile","Female","25-34","US-WEST-WA, Washington","Rural","$50,000-$74,999","1.2988457","29","Extremely dissatisfied","Never","Rarely (at least once or twice)","Several times a week (about 3 times a week)","Almost never or never","Some of the time (about a third)","40896ms","8195ms","9829ms","8649ms","8539ms","13863ms","5205ms","BONUS5","Q1Howlong","Q4Howsatisfied","Q11cultureact","Q12stewardact","Q13familyoutside","Q14trustpolicy","Q15trustexperts"
"163","1599282234048230111","2014-06-18 23:13:25","Mobile","Female","25-34","US-WEST-WA, Washington","Suburban","$75,000-$99,999","1.2988457","31","Somewhat satisfied","Occasionally (at least three or four times)","Occasionally (at least three or four times)","Several times a week (about 3 times a week)","About half of the time","About half of the time","4945ms","1255ms","3187ms","4696ms","4738ms","2052ms","2810ms","BONUS5","Q1Howlong","Q4Howsatisfied","Q11cultureact","Q12stewardact","Q13familyoutside","Q14trustpolicy","Q15trustexperts"
"164","8826691019058328252","2014-06-18 23:13:47","Mobile","Female","25-34","US-WEST-WA, Washington","Urban","$25,000-$49,999","1.2988457","20","Extremely satisfied","Constantly (at least once a week)","Constantly (at least once per week)","Almost every day (at least 5 times a week)","Almost always or always","Almost always or always","6668ms","2238ms","6068ms","1888ms","2388ms","3076ms","1031ms","BONUS5","Q1Howlong","Q4Howsatisfied","Q11cultureact","Q12stewardact","Q13familyoutside","Q14trustpolicy","Q15trustexperts"
"165","8937026413683142783","2014-06-18 23:14:07","Mobile","Female","18-24","US-WEST-WA, Washington","Urban","$0-$24,999","1.2988457","20","Extremely dissatisfied","Never","Never","About 1-3 times a month","About half of the time","About half of the time","8919ms","8164ms","9351ms","9653ms","16775ms","10395ms","6181ms","BONUS5","Q1Howlong","Q4Howsatisfied","Q11cultureact","Q12stewardact","Q13familyoutside","Q14trustpolicy","Q15trustexperts"
"166","7306463441758301804","2014-06-18 23:20:09","Mobile","Male","25-34","US-WEST-WA, Washington","Urban","$0-$24,999","0.8007696","7","Somewhat satisfied","Rarely (at least once or twice)","Never","Several times a week (about 3 times a week)","About half of the time","Most of the time (about two-thirds)","4113ms","4707ms","5463ms","5120ms","5844ms","6146ms","5546ms","BONUS5","Q1Howlong","Q4Howsatisfied","Q11cultureact","Q12stewardact","Q13familyoutside","Q14trustpolicy","Q15trustexperts"
"167","8739398187887876302","2014-06-18 23:21:25","Mobile","Male","25-34","US-WEST-WA, Washington","Rural","$75,000-$99,999","0.8007696","28","Extremely satisfied","Never","Never","About 1-3 times a month","Some of the time (about a third)","Some of the time (about a third)","7387ms","28488ms","7340ms","5073ms","8592ms","36242ms","9856ms","BONUS5","Q1Howlong","Q4Howsatisfied","Q11cultureact","Q12stewardact","Q13familyoutside","Q14trustpolicy","Q15trustexperts"
"168","8472181385528228440","2014-06-18 23:23:13","Mobile","Male","25-34","US-WEST-WA, Washington","Rural","$100,000-$149,999","0.8007696","29","Extremely satisfied","Never","Never","Almost every day (at least 5 times a week)","Almost never or never","Almost always or always","81455ms","5962ms","3872ms","5334ms","3707ms","3652ms","5064ms","BONUS5","Q1Howlong","Q4Howsatisfied","Q11cultureact","Q12stewardact","Q13familyoutside","Q14trustpolicy","Q15trustexperts"
"169","886558359126197734","2014-06-18 23:27:47","Mobile","Male","25-34","US-WEST-WA, Washington","Suburban","$25,000-$49,999","0.8007696","14","Somewhat satisfied","Rarely (at least once or twice)","Never","Several times a week (about 3 times a week)","Almost never or never","About half of the time","16546ms","1501195ms","7917ms","4326ms","8440ms","6474ms","6882ms","BONUS5","Q1Howlong","Q4Howsatisfied","Q11cultureact","Q12stewardact","Q13familyoutside","Q14trustpolicy","Q15trustexperts"
"170","5184626441181226171","2014-06-18 23:28:08","Mobile","Female","18-24","US-WEST-WA, Washington","Suburban","$50,000-$74,999","1.2988457","12","Somewhat dissatisfied","Occasionally (at least three or four times)","Never","Rarely or never (less than 1 time a month)","Some of the time (about a third)","Almost never or never","18608ms","7274ms","9319ms","4296ms","939ms","1053ms","770ms","BONUS5","Q1Howlong","Q4Howsatisfied","Q11cultureact","Q12stewardact","Q13familyoutside","Q14trustpolicy","Q15trustexperts"
"171","7023736393119043347","2014-06-18 23:34:09","Mobile","Female","25-34","US-WEST-WA, Washington","Urban","$25,000-$49,999","1.2988457","25","Somewhat satisfied","Rarely (at least once or twice)","Rarely (at least once or twice)","About 1 time a week","Some of the time (about a third)","Some of the time (about a third)","9623ms","4742ms","43639ms","33831ms","7090ms","10107ms","1578ms","BONUS5","Q1Howlong","Q4Howsatisfied","Q11cultureact","Q12stewardact","Q13familyoutside","Q14trustpolicy","Q15trustexperts"
"172","1355018684985665692","2014-06-18 23:43:20","Mobile","Male","18-24","US-WEST-WA, Washington","Urban","$25,000-$49,999","0.8007696","25","Somewhat satisfied","Occasionally (at least three or four times)","Never","About 1 time a week","Almost never or never","Most of the time (about two-thirds)","10496ms","9169ms","7839ms","6240ms","9632ms","8586ms","7036ms","BONUS5","Q1Howlong","Q4Howsatisfied","Q11cultureact","Q12stewardact","Q13familyoutside","Q14trustpolicy","Q15trustexperts"
"173","9181686372534767941","2014-06-18 23:43:47","Mobile","Female","18-24","US-WEST-WA, Washington","Suburban","$0-$24,999","1.2988457","4","Somewhat satisfied","Rarely (at least once or twice)","Never","About 1 time a week","About half of the time","Most of the time (about two-thirds)","11510ms","10943ms","12759ms","4882ms","3684ms","3241ms","19397ms","BONUS5","Q1Howlong","Q4Howsatisfied","Q11cultureact","Q12stewardact","Q13familyoutside","Q14trustpolicy","Q15trustexperts"
"174","4020280745641164605","2014-06-18 23:43:32","Mobile","Female","25-34","US-WEST-WA, Washington","Unknown","$25,000-$49,999","1.2988457","20","Extremely satisfied","Occasionally (at least three or four times)","Occasionally (at least three or four times)","Several times a week (about 3 times a week)","Most of the time (about two-thirds)","Most of the time (about two-thirds)","5702ms","4243ms","4638ms","9199ms","2292ms","1953ms","3142ms","BONUS5","Q1Howlong","Q4Howsatisfied","Q11cultureact","Q12stewardact","Q13familyoutside","Q14trustpolicy","Q15trustexperts"
"175","2608932795272791038","2014-06-18 23:48:43","Mobile","Female","25-34","US-WEST-WA, Washington","Unknown","$25,000-$49,999","1.2988457","25","Extremely satisfied","Occasionally (at least three or four times)","Regularly (at least once per month)","Several times a week (about 3 times a week)","Some of the time (about a third)","Almost always or always","16143ms","5329ms","6819ms","5052ms","4604ms","22334ms","5382ms","BONUS5","Q1Howlong","Q4Howsatisfied","Q11cultureact","Q12stewardact","Q13familyoutside","Q14trustpolicy","Q15trustexperts"
"176","1058385035298481851","2014-06-18 23:51:34","Mobile","Male","35-44","US-WEST-WA, Washington","Rural","$75,000-$99,999","0.8007696","10","Somewhat satisfied","Occasionally (at least three or four times)","Rarely (at least once or twice)","About 1-3 times a month","Most of the time (about two-thirds)","About half of the time","5278ms","24401ms","6211ms","12320ms","4464ms","5044ms","7688ms","BONUS5","Q1Howlong","Q4Howsatisfied","Q11cultureact","Q12stewardact","Q13familyoutside","Q14trustpolicy","Q15trustexperts"
"177","1670691771339386308","2014-06-18 23:59:00","Mobile","Female","18-24","US-WEST-WA, Washington","Urban","$0-$24,999","1.2988457","23","Extremely satisfied","Regularly (at least once a month)","Occasionally (at least three or four times)","Several times a week (about 3 times a week)","About half of the time","About half of the time","53949ms","2282ms","2698ms","4313ms","2888ms","2885ms","2400ms","BONUS5","Q1Howlong","Q4Howsatisfied","Q11cultureact","Q12stewardact","Q13familyoutside","Q14trustpolicy","Q15trustexperts"
"178","1464319117850157558","2014-06-18 23:59:23","Mobile","Female","35-44","US-WEST-WA, Washington","Suburban","$75,000-$99,999","1.2988457","4","Extremely satisfied","Never","Never","Several times a week (about 3 times a week)","Some of the time (about a third)","Most of the time (about two-thirds)","9916ms","7145ms","23859ms","8147ms","17255ms","9949ms","18564ms","BONUS5","Q1Howlong","Q4Howsatisfied","Q11cultureact","Q12stewardact","Q13familyoutside","Q14trustpolicy","Q15trustexperts"
"179","8516539033609183698","2014-06-19 00:03:34","Mobile","Female","25-34","US-WEST-WA, Washington","Rural","$0-$24,999","1.2988457","29","Somewhat satisfied","Never","Rarely (at least once or twice)","Several times a week (about 3 times a week)","Some of the time (about a third)","About half of the time","46338ms","2478ms","6617ms","4957ms","4289ms","3147ms","7550ms","BONUS5","Q1Howlong","Q4Howsatisfied","Q11cultureact","Q12stewardact","Q13familyoutside","Q14trustpolicy","Q15trustexperts"
"180","4425603690897871743","2014-06-19 00:12:38","Mobile","Male","25-34","US-WEST-WA, Washington","Suburban","$50,000-$74,999","0.8007696","32","Somewhat satisfied","Occasionally (at least three or four times)","Occasionally (at least three or four times)","About 1 time a week","Some of the time (about a third)","Almost always or always","11771ms","5608ms","5238ms","5168ms","7705ms","5483ms","5362ms","BONUS5","Q1Howlong","Q4Howsatisfied","Q11cultureact","Q12stewardact","Q13familyoutside","Q14trustpolicy","Q15trustexperts"
"181","2131856314020189013","2014-06-19 03:32:34","Mobile","Male","18-24","US-WEST-WA, Washington","Rural","$75,000-$99,999","0.8007696","23","Extremely satisfied","Occasionally (at least three or four times)","Occasionally (at least three or four times)","Almost every day (at least 5 times a week)","About half of the time","Almost always or always","24812ms","14767ms","7808ms","9522ms","6905ms","4577ms","5440ms","BONUS5","Q1Howlong","Q4Howsatisfied","Q11cultureact","Q12stewardact","Q13familyoutside","Q14trustpolicy","Q15trustexperts"
